pid,name,season,old,new,fit_old,fit_new,d_fit,val_prev,val_cur,d_val,minutes
202689,Kemba Walker,2019-20,CHA,BOS,0.0027947546602733763,-0.014055875238505537,-0.016850629898778915,3.3275059865034464,0.07166594541031657,-3.25584004109313,1742
202331,Paul George,2019-20,OKC,LAC,0.022817919219394595,0.0006049295821941502,-0.022212989637200444,10.11986763677758,0.6533460878984962,-9.466521548879083,1419
203083,Andre Drummond,2019-20,DET,CLE,0.10080817857896687,0.04890127945363861,-0.05190689912532826,5.567509464846933,-2.366850533817983,-7.934359998664916,1878
201566,Russell Westbrook,2019-20,OKC,HOU,-0.03434772848974813,-0.06518418478927329,-0.03083645629952516,0.3877424862968213,-0.7271582994196739,-1.1149007857164952,2049
203924,Jerami Grant,2019-20,OKC,DEN,0.026670074750041493,-0.059094117327729005,-0.0857641920777705,-1.2876615337355448,-3.5321181453104002,-2.244456611574855,1892
203200,Justin Holiday,2019-20,MEM,IND,-0.04508616355969349,-0.10637022051182833,-0.06128405695213484,-4.953766433478442,-0.7296097641511212,4.224156669327321,1826
202711,Bojan Bogdanovic,2019-20,IND,UTA,0.0001930721871947975,-0.00587341066070498,-0.006066482847899778,1.0846163057348293,1.1171462415217766,0.032529935786947295,2083
203952,Andrew Wiggins,2019-20,MIN,GSW,-0.05373635734691984,0.1675760631392883,0.22131242048620814,1.9019060031793418,-2.4756761486198564,-4.377582151799198,1859
1626196,Josh Richardson,2019-20,MIA,PHI,-0.00035610470637296684,-0.036660698716563266,-0.036304594010190296,2.0420669283739223,-0.8814150520563,-2.923481980430222,1693
201152,Thaddeus Young,2019-20,IND,CHI,0.1274508831327574,0.0683549847999851,-0.059095898332772304,1.2770705551827632,-3.985436936801264,-5.262507491984027,1591
1626156,D'Angelo Russell,2019-20,BKN,MIN,-0.09603789887045618,-0.019155162118864703,0.07688273675159148,-0.0803663949756066,-3.6013133945248192,-3.5209469995492126,1452
200755,JJ Redick,2019-20,PHI,NOP,0.022232382524126324,-0.01525850243199813,-0.03749088495612445,4.003903284478399,-0.21118837296980075,-4.2150916574482,1581
2772,Trevor Ariza,2019-20,WAS,POR,-0.04282542107861277,-0.007580847436794488,0.03524457364181828,-4.6657642563230315,-0.045617475566339216,4.620146780756692,1492
201144,Mike Conley,2019-20,MEM,UTA,-0.018867386547730885,-0.03251515420227257,-0.013647767654541686,3.580468394725241,-2.7493051903055585,-6.3297735850308,1363
202704,Reggie Jackson,2019-20,DET,LAC,-0.018000777881200858,-0.02434614673150872,-0.006345368850307863,-0.33317117773019167,5.017472333003657,5.350643510733849,743
203087,Jeremy Lamb,2019-20,CHA,IND,-0.008999627055877504,-0.007262291880155853,0.0017373351757216503,1.8782182674230448,-3.0087653491403286,-4.8869836165633735,1291
203944,Julius Randle,2019-20,NOP,NYK,0.01611698161904265,-0.00021742350200138025,-0.01633440512104403,-0.8655201697271628,0.16728219205204176,1.0328023617792046,2080
201980,Danny Green,2019-20,TOR,LAL,0.1025973497015769,0.03506973637082491,-0.067527613330752,10.027804071709195,0.8389894251289747,-9.18881464658022,1687
202681,Kyrie Irving,2019-20,BOS,BKN,0.1016356997162856,-0.03754896977275078,-0.13918466948903638,2.046983826640082,-1.3025696844685255,-3.3495535111086077,658
203903,Jordan Clarkson,2019-20,CLE,UTA,-0.006822004016418791,-0.02416999147833687,-0.017347987461918075,-0.4737057452068796,0.9345694438345205,1.4082751890414,1705
1626161,Willie Cauley-Stein,2019-20,SAC,DAL,0.0034667570113607995,0.03315606053902162,0.02968930352766082,0.5234107541882805,1.0173679577199897,0.49395720353170913,1098
202710,Jimmy Butler,2019-20,PHI,MIA,0.001232420868083488,0.04528172962406258,0.044049308755979094,2.7420758804567527,3.3332015362116363,0.5911256557548836,1959
1628983,Shai Gilgeous-Alexander,2019-20,LAC,OKC,0.03520570948326427,-0.028853674370368686,-0.06405938385363295,-3.3316742671136366,0.4985310541736019,3.8302053212872385,2429
203109,Jae Crowder,2019-20,UTA,MIA,0.048906523909962515,0.04641942934774772,-0.0024870945622147977,-0.9313507805739607,-4.109399507206575,-3.1780487266326145,1875
203107,Tomas Satoransky,2019-20,WAS,CHI,0.021859955845528738,0.04097650869427634,0.019116552848747602,1.3133452135716563,3.9800504664014253,2.666705252829769,1878
101107,Marvin Williams,2019-20,CHA,MIL,0.00809113807044252,0.017583449794849035,0.009492311724406515,-1.2155852256046416,-1.4046729186834883,-0.18908769307884676,1129
201145,Jeff Green,2019-20,WAS,HOU,0.04504015856563762,0.05018888328490482,0.005148724719267202,1.1042197060881058,-3.988716098320764,-5.09293580440887,960
202083,Wesley Matthews,2019-20,IND,MIL,-0.03296416367342449,-0.001573183031955313,0.031390980641469175,-1.1709425679759697,3.1157404809010703,4.28668304887704,1635
202694,Marcus Morris Sr.,2019-20,BOS,LAC,-0.00933239532225577,0.02166127313222874,0.030993668454484508,-2.2296524236775346,2.466224346412166,4.695876770089701,1936
202709,Cory Joseph,2019-20,IND,SAC,0.08323997936137162,-0.04237160466336953,-0.12561158402474115,3.905897688442753,2.459279327165715,-1.446618361277038,1759
201568,Danilo Gallinari,2019-20,LAC,OKC,0.01377830230849469,-0.030559058426499582,-0.04433736073499427,2.7493597801056486,-0.08294417733328174,-2.8323039574389304,1834
201599,DeAndre Jordan,2019-20,NYK,BKN,0.07784708606630074,0.11667930263827947,0.03883221657197873,-1.2595463631690436,1.239660936959297,2.4992073001283406,1234
202066,Garrett Temple,2019-20,LAC,BKN,-0.0024130430874083346,0.017532169075187953,0.019945212162596287,-0.309876766055188,-1.0691686828854388,-0.7592919168302508,1730
202695,Kawhi Leonard,2019-20,TOR,LAC,0.043548171249588756,0.0023313099707166184,-0.04121686127887214,-2.0068045342931127,8.70863338937837,10.715437923671484,1848
203967,Dario Saric,2019-20,MIN,PHX,-0.036274628938530444,-0.010459682478344329,0.025814946460186117,-2.8041274185799976,-4.569939238689416,-1.7658118201094188,1632
201143,Al Horford,2019-20,BOS,PHI,0.12578219048369071,-0.02703032601803965,-0.15281251650173036,4.922203225771742,1.8179240201151072,-3.104279205656635,2026
202340,Avery Bradley,2019-20,MEM,LAL,0.01365881877080401,-0.12730761954263556,-0.14096643831343958,0.04807641953413022,2.8219959431303554,2.7739195235962253,1186
201937,Ricky Rubio,2019-20,UTA,PHX,-0.018281589427388712,-0.046650692398597766,-0.028369102971209054,1.8032108768420656,4.398451945833739,2.5952410689916734,2016
1627736,Malik Beasley,2019-20,DEN,MIN,0.033570957443982904,0.013975507504039668,-0.019595449939943235,-0.06963000937925701,0.428274836963464,0.49790484634272103,1209
203493,Reggie Bullock,2019-20,LAL,NYK,0.022530865722018126,0.021131467929140075,-0.0013993977928780515,-0.6525263633337812,-1.427996532201354,-0.7754701688675727,684
101108,Chris Paul,2019-20,HOU,OKC,-0.14852753819566475,-0.0623135696005224,0.08621396859514235,4.266220015460448,8.443216788456203,4.176996772995755,2208
203076,Anthony Davis,2019-20,NOP,LAL,0.01805044176671809,0.08122943692022758,0.06317899515350948,4.064712043032912,-2.1544999185226166,-6.219211961555528,2131
1627763,Malcolm Brogdon,2019-20,MIL,IND,0.03721254275343295,-0.025404947858824384,-0.06261749061225733,1.8070176458841334,1.5007880248339731,-0.30622962105016027,1666
1626179,Terry Rozier,2019-20,BOS,CHA,-0.031979325240356286,0.03478780469077394,0.06676712993113022,-5.310251164301459,-5.449244381989109,-0.13899321768765027,2164
202324,Derrick Favors,2019-20,UTA,NOP,0.05552715898127556,0.030077412209443547,-0.025449746771832014,-1.2608705936893403,5.007120827964688,6.2679914216540284,1243
1627742,Brandon Ingram,2019-20,LAL,NOP,0.004120543073234288,0.0067082191894342145,0.002587676116199926,0.3531499283709155,-2.791512752623847,-3.144662680994762,2104
203953,Jabari Parker,2019-20,WAS,SAC,0.005319376974220439,-0.008867375045928364,-0.014186752020148803,0.9567724646518695,2.0479613155194327,1.0911888508675633,918
1628404,Josh Hart,2019-20,LAL,NOP,0.01820993093970389,-0.04764944832050305,-0.06585937926020694,3.6933620333589126,-0.969957419504652,-4.663319452863565,1755
1626153,Delon Wright,2019-20,MEM,DAL,-0.002616503807743139,-0.031772388062403324,-0.029155884254660185,2.6541208657484407,-0.9178154573613088,-3.5719363231097496,1570
201959,Taj Gibson,2019-20,MIN,NYK,0.018835242418178737,-0.0016115056450489121,-0.02044674806322765,-3.4311189649635,-7.268231890540141,-3.8371129255766414,1025
202355,Hassan Whiteside,2019-20,MIA,POR,0.03834829746582633,0.1388804800165863,0.10053218255075996,3.9261918451318047,4.077680969579927,0.15148912444812268,2008
203145,Kent Bazemore,2019-20,ATL,SAC,-0.0341821865594605,0.002026921836212859,0.03620910839567336,-3.064574343142091,3.179765042034224,6.244339385176315,1688
202683,Enes Kanter,2019-20,POR,BOS,0.0008515186476118234,0.016479251914819512,0.015627733267207688,-0.9698944053479961,4.939761211299711,5.909655616647707,983
202722,Davis Bertans,2019-20,SAS,WAS,0.10370056374145283,0.003234353173317994,-0.10046621056813483,7.584317078877129,5.222308217031303,-2.362008861845826,1583
1626144,Emmanuel Mudiay,2019-20,NYK,UTA,0.029069184681063343,-0.08678825187810664,-0.11585743655916998,-1.2968199972706258,-1.9606967068358856,-0.6638767095652598,850
201577,Robin Lopez,2019-20,CHI,MIL,0.03443753405941412,0.01877209131926087,-0.01566544274015325,1.8205077005903698,-4.490612358611269,-6.311120059201639,958
2738,Andre Iguodala,2019-20,GSW,MIA,0.1941002447921414,0.09026747834093159,-0.10383276645120983,3.1125780883669436,-0.8142667622777588,-3.9268448506447022,418
1626145,Tyus Jones,2019-20,MIN,MEM,0.00026997981803150955,0.1416945586944081,0.1414245788763766,0.24044905079457263,0.5714656643352329,0.3310166135406603,1232
1627752,Taurean Prince,2019-20,ATL,BKN,-0.008161128731459051,0.020343991268142108,0.02850511999960116,-1.8667489730183666,1.3184908567388178,3.1852398297571844,1857
203585,Rodney McGruder,2019-20,MIA,LAC,-0.0018652179684572087,-0.0024989154804178925,-0.0006336975119606838,-2.898486484924927,-1.1813481108990573,1.7171383740258697,871
203458,Alex Len,2019-20,ATL,SAC,0.01460335174234314,-0.013117463879951998,-0.02772081562229514,2.255550232311399,-0.43264150085466646,-2.6881917331660654,971
204020,Tyler Johnson,2019-20,PHX,BKN,0.002400766947550809,-0.0019909757401861744,-0.004391742687736983,-3.4657065697193294,-4.45277966456485,-0.9870730948455204,709
204456,T.J. McConnell,2019-20,PHI,IND,-0.0265318542472821,0.12028417082146828,0.14681602506875038,-3.1661195535582967,1.1106400499949365,4.276759603553233,1326
1628366,Lonzo Ball,2019-20,LAL,NOP,-0.016082309996426982,0.021656706887447162,0.03773901688387414,-1.611067917948219,-0.21425295653917828,1.3968149614090408,2025
203090,Maurice Harkless,2019-20,POR,NYK,-0.0077300992395784715,-0.004108188234979771,0.0036219110045987,0.41129957302954046,-1.9444510380717954,-2.3557506111013358,1427
203552,Seth Curry,2019-20,POR,DAL,0.0006677278228402254,-0.013939887837532151,-0.014607615660372376,5.844253086779512,0.5636455756246457,-5.280607511154866,1576
201565,Derrick Rose,2019-20,MIN,DET,0.007212287187219616,-0.03098121140000708,-0.0381934985872267,2.051191973902486,0.6785193704892205,-1.3726726034132655,1298
202692,Alec Burks,2019-20,SAC,PHI,-0.011634840393278391,-0.03283233807942888,-0.021197497686150493,-3.5834785816653003,-0.4944441035110487,3.0890344781542516,1754
1627823,Juancho Hernangomez,2019-20,DEN,MIN,-0.08975970255548672,-0.02560190629502692,0.06415779626045981,-1.7068313261029293,-1.0884895793711993,0.61834174673173,833
203933,T.J. Warren,2019-20,PHX,IND,0.012630554059892074,0.023388432070120112,0.010757878010228037,-0.6389646171399952,3.770936520184363,4.409901137324358,2202
2594,Kyle Korver,2019-20,UTA,MIL,0.06362915056248097,0.0643782755202261,0.0007491249577451231,0.884853031474531,-0.5730657243620719,-1.457918755836603,960
1627774,Jake Layman,2019-20,POR,MIN,-0.02170734143074227,0.044038569860951254,0.06574591129169352,-1.0080529416134942,5.614428170460366,6.62248111207386,505
203488,Mike Muscala,2019-20,LAL,OKC,-0.005648382480891625,0.02335275880646364,0.029001141287355266,0.22459024520013182,-3.005102415932176,-3.229692661132308,572
203503,Tony Snell,2019-20,MIL,DET,0.05557132319275936,-0.017611241940157684,-0.07318256513291704,0.5491534895708332,-3.743274237120022,-4.292427726690855,1641
1626171,Bobby Portis,2019-20,WAS,NYK,-0.017728317787294483,0.008084475083603814,0.0258127928708983,-0.11565514856765269,-1.9289765094760607,-1.813321360908408,1393
201961,Wayne Ellington,2019-20,DET,NYK,-0.0384028792764994,-0.028521949408495038,0.009880929868004363,-3.584557471546991,3.237641797984407,6.8221992695313975,558
202693,Markieff Morris,2019-20,OKC,LAL,-0.030176078199289663,-0.011314455953032296,0.018861622246257367,-5.03606910912996,-4.313922543921393,0.7221465652085666,1188
201952,Jeff Teague,2019-20,MIN,ATL,0.029703847106099062,-0.061946163902009646,-0.09165001100810871,-0.2721970134328857,-1.9264238473038184,-1.6542268338709327,1464
202397,Ish Smith,2019-20,DET,WAS,-0.007715757732039125,-0.02502209631191345,-0.017306338579874327,3.2359785176542504,-2.167223988600367,-5.403202506254617,1787
203901,Elfrid Payton,2019-20,NOP,NYK,0.038983979785339386,-0.006223758275128647,-0.04520773806046803,-0.5916666615377355,3.553535376516706,4.145202038054442,1246
1626178,Rondae Hollis-Jefferson,2019-20,BKN,TOR,0.0536387299714062,-0.13062519620408378,-0.18426392617548998,2.647516257607246,0.20523166724444858,-2.4422845903627977,1122
203516,James Ennis III,2019-20,PHI,ORL,-0.019991095089298177,-0.030062000650044895,-0.010070905560746718,-2.610542684815611,-0.5399873069586771,2.070555377856934,1266
1626209,Mario Hezonja,2019-20,NYK,POR,0.038085500602154286,0.006703348191533416,-0.03138215241062087,-1.435308942546192,-5.974767739607868,-4.539458797061676,871
203496,Robert Covington,2019-20,MIN,HOU,-0.01908167845135559,0.04836826142424625,0.06744993987560184,3.676457781868197,2.636999092766497,-1.0394586891017,2137
1626158,Richaun Holmes,2019-20,PHX,SAC,-8.59505974509026e-05,0.05544976037951121,0.05553571097696211,3.7820166410162903,2.7313525146512743,-1.050664126365016,1242
201163,Wilson Chandler,2019-20,LAC,BKN,0.0012042725514424977,-0.0018569926086100354,-0.0030612651600525334,0.997708527591223,-5.439560593511109,-6.437269121102332,734
201949,James Johnson,2019-20,MIA,MIN,-0.007419060236573221,-0.010367066350431367,-0.0029480061138581464,-4.044668052832748,-2.00335254440323,2.0413155084295176,620
203459,Allen Crabbe,2019-20,BKN,MIN,0.05713755994361188,-0.04104007623145453,-0.09817763617506642,0.4824020369328895,-8.474687166803642,-8.957089203736532,653
1626168,Trey Lyles,2019-20,DEN,SAS,-0.027145461697127074,0.000776914212033743,0.027922375909160815,-1.323504377390436,3.6655357778599313,4.989040155250367,1271
201229,Anthony Tolliver,2019-20,MIN,MEM,0.02618110182783937,-0.029309600444085874,-0.05549070227192525,-0.8241764699178307,-3.6436711752690263,-2.819494705351196,872
1626188,Quinn Cook,2019-20,GSW,LAL,0.04784929401515231,0.02818596609950116,-0.01966332791565115,-5.083347071965656,2.102281618454959,7.185628690420615,508
203476,Gorgui Dieng,2019-20,MIN,MEM,0.019816801129590663,0.11275235561557753,0.09293555448598687,-0.6185554885650132,0.7325489162426067,1.3511044048076197,1097
1628035,Alfonzo McKinnie,2019-20,GSW,CLE,-0.054026630349110684,-0.030718025962816118,0.023308604386294566,-2.5928255835216167,-1.1128430565938259,1.4799825269277909,593
1629001,De'Anthony Melton,2019-20,PHX,MEM,-0.005255889655188507,0.14795079313203022,0.15320668278721872,-3.33770855928407,7.36899414673573,10.7067027060198,1167
203894,Shabazz Napier,2019-20,BKN,WAS,0.020022090508301067,-0.03707896006901578,-0.05710105057731685,-0.5823678829155118,-0.8574698412165451,-0.27510195830103334,1344
1627767,Cheick Diallo,2019-20,NOP,PHX,0.09056331913525945,0.0612621320297438,-0.029301187105515644,0.01056443400867968,-2.1716418930022865,-2.182206327010966,479
203524,Solomon Hill,2019-20,NOP,MIA,-0.058872841700715384,-0.0030801472438980546,0.05579269445681733,-3.9204804608139794,-0.7269969652365236,3.193483495577456,1088
203086,Meyers Leonard,2019-20,POR,MIA,-0.010119029968053224,0.04752019900138036,0.05763922896943358,-3.8145791343470377,0.2388134629103068,4.053392597257345,1034
202335,Patrick Patterson,2019-20,OKC,LAC,0.02820174171177441,0.017616310288926053,-0.010585431422848356,-5.717113818645586,0.4263791531682457,6.143492971813832,776
203382,Aron Baynes,2019-20,BOS,PHX,0.025439600502096347,0.012453887166761867,-0.01298571333533448,6.305261720806543,-2.4456718433496696,-8.750933564156213,934
1629016,Omari Spellman,2019-20,ATL,GSW,-0.01776379168224928,0.04997307942093836,0.06773687110318763,-4.186980908894621,-1.491408977262109,2.6955719316325117,886
1628436,Luke Kornet,2019-20,NYK,CHI,0.03983827114563519,-0.03955438594195463,-0.07939265708758983,4.754473601176489,-1.0106430477886819,-5.76511664896517,559
203584,Troy Daniels,2019-20,PHX,DEN,-0.001005464907940657,0.04575838406070609,0.04676384896864675,0.5443302475825428,-1.1121748618341152,-1.656505109416658,532
1626163,Frank Kaminsky,2019-20,CHA,PHX,-0.00618977043737125,0.00229280086172217,0.00848257129909342,1.2841376231730823,-0.03095417078574625,-1.3150917939588287,777
202688,Brandon Knight,2019-20,CLE,DET,0.09647456786370402,0.14401192060932297,0.047537352745618947,-5.462807538796422,-3.002627972016762,2.46017956677966,462
1626203,Treveon Graham,2019-20,BKN,ATL,0.03754475596775232,-0.012459963714601334,-0.050004719682353656,3.6425840581280218,-2.800184599569891,-6.442768657697913,929
1626246,Boban Marjanovic,2019-20,PHI,DAL,0.04854472163309077,0.05003540187606838,0.0014906802429776045,0.6184927529708402,3.3604328608507577,2.7419401078799175,422
1627789,Timothe Luwawu-Cabarrot,2019-20,CHI,BKN,0.029839239495916114,-0.008859187034501611,-0.038698426530417725,-7.648088305041064,-0.48426802803822466,7.16382027700284,853
203957,Dante Exum,2019-20,UTA,CLE,-0.056362079987032306,0.049956182704030995,0.1063182626910633,1.6069128080914779,-2.849568749467125,-4.456481557558603,486
1629109,Gary Clark,2019-20,HOU,ORL,0.202243974536209,-0.031626168578574435,-0.23387014311478344,-1.4057196177043931,-4.137063787038467,-2.731344169334074,566
203922,Glenn Robinson III,2019-20,DET,PHI,0.04441284730812445,-0.06125496083481895,-0.1056678081429434,-0.47248112020921695,-3.0463244204594977,-2.5738433002502807,1786
200757,Thabo Sefolosha,2019-20,UTA,HOU,0.06762113937766644,0.06040013964904155,-0.007220999728624888,4.803331555697389,1.418213848068652,-3.3851177076287366,436
1628975,Jevon Carter,2019-20,MEM,PHX,0.026326110798522692,-0.0695196414068345,-0.0958457522053572,-0.1915522913843548,1.840166109485934,2.0317184008702887,945
1628966,Keita Bates-Diop,2019-20,MIN,DEN,-0.012295727129556866,-0.03883544393946454,-0.026539716809907674,-0.3108267442175743,-4.585908484467844,-4.27508174025027,744
1627737,Marquese Chriss,2019-20,CLE,GSW,0.1341503601114536,0.027853584986540322,-0.10629677512491327,-7.373530967018512,-2.711922781970476,4.661608185048037,1196
203526,Raul Neto,2019-20,UTA,PHI,-0.015765893524302004,0.004368813445502281,0.020134706969804284,9.888437136471149,0.311206793250161,-9.577230343220988,668
1629021,Moritz Wagner,2019-20,LAL,WAS,0.011743164753850103,-0.06047826038919594,-0.07222142514304604,-4.153980082454461,-3.030045380765883,1.1239347016885777,835
1628365,Markelle Fultz,2019-20,PHI,ORL,-0.08970668401807788,-0.07146828447676505,0.01823839954131283,-4.446581790238964,1.9702767818401696,6.416858572079134,1996
1628960,Grayson Allen,2019-20,UTA,MEM,-0.0789793786923442,-0.018816927336188467,0.060162451356155736,-7.344177265443236,-4.643860317254853,2.700316948188383,718
1627745,Damian Jones,2019-20,GSW,ATL,-0.11829171545354784,0.037974048900694744,0.15626576435424258,-2.457886064793457,-7.0962864760426,-4.638400411249143,887
201935,James Harden,2020-21,HOU,BKN,0.26892360068141336,0.0080353764595983,-0.26088822422181507,7.036751203668488,1.3397987942112342,-5.6969524094572535,1609
200782,P.J. Tucker,2020-21,HOU,MIL,0.02494342725319619,0.018305231133055672,-0.006638196120140518,-1.1512560573189807,-7.5260464471887225,-6.374790389869742,1356
101108,Chris Paul,2020-21,OKC,PHX,-0.032528604870726834,0.019815857941583394,0.05234446281231023,8.443216788456203,4.321156199108806,-4.122060589347397,2199
203496,Robert Covington,2020-21,HOU,POR,0.12010528472508344,0.027585273108234325,-0.09252001161684911,2.636999092766497,2.9280267608785033,0.2910276681120063,2243
201950,Jrue Holiday,2020-21,NOP,MIL,0.016349581770751038,0.030174297587116736,0.013824715816365699,2.165909924770141,5.899623290418126,3.733713365647985,1907
203095,Evan Fournier,2020-21,ORL,BOS,0.003513202267849033,-0.021287708898005863,-0.024800911165854894,-2.5149663357446777,1.0245044001407129,3.5394707358853905,1259
201566,Russell Westbrook,2020-21,HOU,WAS,0.05420374295308333,0.051306698866559516,-0.0028970440865238103,-0.7271582994196739,0.7661224182061643,1.4932807176258382,2369
201143,Al Horford,2020-21,PHI,OKC,-0.002309364409049859,-0.0363726117408316,-0.03406324733178174,1.8179240201151072,0.6397173383250383,-1.178206681790069,782
203932,Aaron Gordon,2020-21,ORL,DEN,-0.004638880528334315,-0.04165852747667867,-0.03701964694834435,-2.4570818742687788,2.8267038034673826,5.283785677736161,1384
201937,Ricky Rubio,2020-21,PHX,MIN,-0.02008577496405482,-0.07396183722527304,-0.053876062261218216,4.398451945833739,-5.635489026593586,-10.033940972427324,1772
202357,Nemanja Bjelica,2020-21,SAC,MIA,0.010023895850284976,0.018119828623595298,0.008095932773310322,2.6052160941223708,-1.3494065544796916,-3.9546226486020624,595
202355,Hassan Whiteside,2020-21,POR,SAC,0.15479500985794195,-0.032992954990434926,-0.18778796484837687,4.077680969579927,-0.6036294459990041,-4.681310415578931,546
203471,Dennis Schroder,2020-21,OKC,LAL,-0.0019102615381773993,-0.03636520788561082,-0.034454946347433416,8.113609421041236,1.0030680956266411,-7.110541325414594,1956
202696,Nikola Vucevic,2020-21,ORL,CHI,0.02386268664401168,0.01739107171273208,-0.006471614931279599,4.498512099534858,-3.4154177914587196,-7.913929890993578,2348
1626162,Kelly Oubre Jr.,2020-21,PHX,GSW,-0.011525763291028992,-0.030831988192465954,-0.019306224901436964,-1.08993294772252,-8.56206492999991,-7.472131982277389,1687
203924,Jerami Grant,2020-21,DEN,DET,-0.020614453279738796,-0.04046545783922136,-0.019851004559482566,-3.5321181453104002,0.1835320358072698,3.71565018111767,1829
203083,Andre Drummond,2020-21,CLE,LAL,0.017571871498898783,-0.010128472092022256,-0.027700343590921037,-2.366850533817983,1.3335281396269698,3.700378673444953,1242
203109,Jae Crowder,2020-21,MIA,PHX,0.07098555152463312,0.041421480311338015,-0.029564071213295108,-4.109399507206575,-0.46332600481708264,3.6460735023894926,1648
101150,Lou Williams,2020-21,LAC,ATL,-0.04784683419030881,-0.07418694535184303,-0.026340111161534223,-3.464773355805478,-0.9139628603886575,2.5508104954168207,1423
1627752,Taurean Prince,2020-21,BKN,CLE,0.03968343962705877,0.022895245328568185,-0.016788194298490582,1.3184908567388178,-0.76180020761372,-2.080291064352538,905
1628386,Jarrett Allen,2020-21,BKN,CLE,0.11828880896791573,0.03125388858574269,-0.08703492038217303,-0.1842739078581173,1.941504261261181,2.1257781691192985,1864
201568,Danilo Gallinari,2020-21,OKC,ATL,0.01655539065222228,-0.0024763836389773467,-0.019031774291199625,-0.08294417733328174,2.506562545167169,2.5895067225004507,1222
1628972,Troy Brown Jr.,2020-21,WAS,CHI,0.0014988628025667692,-0.015783459325547148,-0.017282322128113918,-2.4767657794612212,3.2325591370203473,5.7093249164815685,523
203914,Gary Harris,2020-21,DEN,ORL,-0.0031592056548744767,-0.012751349618074162,-0.009592143963199684,-2.9568817224884363,-2.031421759488362,0.9254599630000744,1080
203992,Bogdan Bogdanovic,2020-21,SAC,ATL,0.003638364272739451,-0.016281320021859814,-0.019919684294599265,0.30555897294770684,0.4730675121005259,0.16750853915281905,1305
202709,Cory Joseph,2020-21,SAC,DET,-0.011491165051369278,-0.02972805368151139,-0.018236888630142112,2.459279327165715,-1.1248539238973247,-3.5841332510630397,1446
202692,Alec Burks,2020-21,PHI,NYK,-0.007054696895885332,0.017758788017029285,0.024813484912914616,-0.4944441035110487,1.8121827021899284,2.306626805700977,1255
200746,LaMarcus Aldridge,2020-21,SAS,BKN,-0.03882662840416737,0.03254671786317065,0.07137334626733802,0.15778860537603648,1.9064000506305763,1.7486114452545398,674
1626149,Montrezl Harrell,2020-21,LAC,LAL,-0.05422543064629305,0.07770617407378086,0.13193160472007393,4.83862993858183,-0.07097197535199418,-4.909601913933824,1580
202330,Gordon Hayward,2020-21,BOS,CHA,0.004721597227659081,-0.01070619666916912,-0.0154277938968282,3.972183189997529,1.7158477303230377,-2.2563354596744913,1496
202066,Garrett Temple,2020-21,BKN,CHI,0.008058653892918625,0.0006891427145310178,-0.007369511178387607,-1.0691686828854388,2.9032830212717986,3.9724517041572374,1528
202684,Tristan Thompson,2020-21,CLE,BOS,0.10149843950672194,0.09430506888819278,-0.007193370618529163,-2.66177504574373,-0.7803183483902127,1.8814566973535174,1287
204038,Langston Galloway,2020-21,DET,PHX,-0.027291326643207194,0.003009330012211753,0.030300656655418947,-2.3977793462396244,-0.33866542005548284,2.059113926184142,438
1626196,Josh Richardson,2020-21,PHI,DAL,-0.013771663757793992,-0.05314809733200472,-0.03937643357421073,-0.8814150520563,-5.486870268473727,-4.605455216417427,1795
203145,Kent Bazemore,2020-21,SAC,GSW,0.04017423953778321,-0.02451862434830514,-0.06469286388608834,3.179765042034224,2.8330516936651104,-0.3467133483691134,1334
201980,Danny Green,2020-21,LAL,PHI,0.07868964931273356,0.09814719003100508,0.01945754071827152,0.8389894251289747,0.36875662657959074,-0.47023279854938393,1934
203500,Steven Adams,2020-21,OKC,NOP,0.03993627885114787,0.05349495149851235,0.013558672647364475,0.4366067909480513,0.6764021864522585,0.23979539550420714,1605
202339,Eric Bledsoe,2020-21,MIL,NOP,0.09635189627817553,0.03702938478662878,-0.05932251149154675,2.1123814556165086,-2.6728251871963518,-4.78520664281286,2111
203503,Tony Snell,2020-21,DET,ATL,-0.03883211902925686,0.025713256385319273,0.06454537541457614,-3.743274237120022,-1.0894198340884076,2.6538544030316142,992
202083,Wesley Matthews,2020-21,MIL,LAL,0.015788864503303572,0.024144613698239205,0.008355749194935633,3.1157404809010703,0.6382142925335502,-2.47752618836752,1130
1628971,Bruce Brown,2020-21,DET,BKN,-0.03796265324806577,-0.03616762694199036,0.0017950263060754063,0.9378206286598246,2.0065387471502087,1.0687181184903842,1451
203463,Ben McLemore,2020-21,HOU,LAL,0.2633666712360752,0.0797999152533407,-0.18356675598273453,3.0772577061305393,-0.3320688389601909,-3.40932654509073,905
203085,Austin Rivers,2020-21,HOU,DEN,0.008957364714338644,0.05011755221182636,0.04116018749748771,1.0126529262665231,-1.1315861060445227,-2.144239032311046,845
200755,JJ Redick,2020-21,NOP,DAL,0.0011026373545472143,0.013466650016345338,0.012364012661798124,-0.21118837296980075,-3.05804991744741,-2.8468615444776093,723
1627854,Bryn Forbes,2020-21,SAS,MIL,0.05304025067260553,0.0031286658172990597,-0.04991158485530647,-5.878248441365802,-2.304085298616325,3.5741631427494767,1354
203552,Seth Curry,2020-21,DAL,PHI,0.003333744633134995,0.07938826621641777,0.07605452158328278,0.5636455756246457,1.6100190767525455,1.0463735011278998,1638
1626153,Delon Wright,2020-21,DAL,SAC,0.010329157242277471,0.032612162905462365,0.022283005663184894,-0.9178154573613088,-0.23292517258451084,0.6848902847767979,1748
1628464,Daniel Theis,2020-21,BOS,CHI,0.04297747116130352,0.02067380372265245,-0.022303667438651073,0.1590518660526239,-0.7062341777611145,-0.8652860438137384,1601
2772,Trevor Ariza,2020-21,POR,MIA,-0.017405516882570093,0.06662585029433064,0.08403136717690074,-0.045617475566339216,-1.7552118134356334,-1.7095943378692942,841
201586,Serge Ibaka,2020-21,TOR,LAC,0.04883180054600565,0.04228517951536337,-0.006546621030642283,0.6588891894392565,-2.7152254198710892,-3.374114609310346,955
1626181,Norman Powell,2020-21,TOR,POR,0.028851724116716868,-0.017839126885704246,-0.04669085100242111,-2.2427168151554606,-2.590044705523127,-0.3473278903676662,2205
201952,Jeff Teague,2020-21,ATL,MIL,0.0015034349963336275,-0.03587700742809519,-0.03738044242442881,-1.9264238473038184,1.3890039826260732,3.3154278299298916,950
1629013,Landry Shamet,2020-21,LAC,BKN,-0.01610049354001023,-0.013874539991249822,0.0022259535487604096,-2.728068543345835,-0.7683217499317218,1.959746793414113,1403
203090,Maurice Harkless,2020-21,NYK,MIA,-0.02029922017359725,0.03488151312270956,0.05518073329630681,-1.9444510380717954,-0.12847278099614406,1.8159782570756513,772
201571,D.J. Augustin,2020-21,ORL,HOU,0.03948831972663834,0.00463869350218595,-0.03484962622445239,3.8033573580045523,-2.0243025446149536,-5.827659902619506,1129
1626171,Bobby Portis,2020-21,NYK,MIL,0.053043154448153954,-0.09809456457561411,-0.15113771902376805,-1.9289765094760607,2.8578974577903997,4.786873967266461,1372
1627884,Derrick Jones Jr.,2020-21,MIA,POR,0.09040653574918317,0.03740602505595168,-0.05300051069323149,-0.9479852894446927,-5.255774529755917,-4.307789240311225,1318
202954,Brad Wanamaker,2020-21,BOS,CHA,0.009373822314991119,-0.01774582098380647,-0.02711964329879759,0.5377185554557651,-0.9299702949707056,-1.4676888504264707,1053
1629018,Gary Trent Jr.,2020-21,POR,TOR,-0.04255216042075692,-0.011883050885170797,0.030669109535586124,1.4205890396342362,-3.842853280416337,-5.263442320050573,1802
1627747,Caris LeVert,2020-21,BKN,IND,-0.01585040146956441,0.0037375617174164946,0.019587963186980906,1.3840601761203892,-0.10552664974087189,-1.4895868258612612,1485
1626174,Christian Wood,2020-21,DET,HOU,0.0072953317685364285,0.12644980536989545,0.11915447360135902,6.623179925798675,4.27326763465369,-2.3499122911449852,1326
203210,JaMychal Green,2020-21,LAC,DEN,0.029559944390538054,-0.015708434300833966,-0.04526837869137202,2.4920988278381877,0.5077617701498862,-1.9843370576883015,1120
2730,Dwight Howard,2020-21,LAL,PHI,0.06914017806015335,0.1440840442012757,0.07494386614112236,-0.022139054917979184,-4.097734822475139,-4.075595767557159,1196
203482,Kelly Olynyk,2020-21,MIA,HOU,0.08330386461745949,0.02601930632523529,-0.0572845582922242,0.7228115515258943,-0.8338951770514336,-1.556706728577328,1997
201565,Derrick Rose,2020-21,DET,NYK,-0.019824471936817557,0.002465365978217006,0.022289837915034562,0.6785193704892205,1.6649893726956029,0.9864700022063824,1279
203991,Clint Capela,2020-21,HOU,ATL,0.4382697230976915,0.06343466188508932,-0.3748350612126022,-1.2530884331996084,7.597701798620311,8.85079023181992,1898
201588,George Hill,2020-21,MIL,PHI,0.06553995105261017,0.09663352279235132,0.031093571739741158,6.362155620955125,2.27831955248155,-4.083836068473575,672
1629004,Svi Mykhailiuk,2020-21,DET,OKC,-0.004128561721751472,0.023616345791892285,0.02774490751364376,4.2073095959914575,-1.1170607703410744,-5.324370366332532,1324
1628976,Wendell Carter Jr.,2020-21,CHI,ORL,0.043608575917152115,0.009149212374476958,-0.034459363542675155,1.0891793438373454,-3.693373254194465,-4.78255259803181,1375
202324,Derrick Favors,2020-21,NOP,UTA,0.08730724403389642,0.06652958366491317,-0.02077766036898325,5.007120827964688,0.2555608742040676,-4.751559953760621,1039
1629056,Terence Davis,2020-21,TOR,SAC,0.008404550865468605,0.10058032541914803,0.09217577455367942,4.625653233900454,-0.8901876256946544,-5.515840859595109,1074
202340,Avery Bradley,2020-21,LAL,HOU,-0.08699715079831219,-0.12231947599848013,-0.03532232520016794,2.8219959431303554,-2.6359409299419365,-5.457936873072292,602
1629645,Kevin Porter Jr.,2020-21,CLE,HOU,-0.0038733512384649207,-0.04461452650902803,-0.04074117527056311,-8.832419317166048,-6.764669439496713,2.0677498776693346,835
201188,Marc Gasol,2020-21,TOR,LAL,-0.027518755185691808,-0.03529160208749308,-0.0077728469018012725,5.618730297312623,-0.33152258229219567,-5.950252879604818,993
201580,JaVale McGee,2020-21,LAL,DEN,0.05732125602809635,-0.03188629757059432,-0.08920755359869068,-1.6376602387321606,2.007577535803846,3.6452377745360067,678
203457,Nerlens Noel,2020-21,OKC,NYK,-0.020530347828425274,-0.03215235654910323,-0.011622008720677954,-1.3315468888073911,-2.9498701829303853,-1.6183232941229941,1547
203476,Gorgui Dieng,2020-21,MEM,SAS,0.04106215013994182,0.05919636121246781,0.01813421107252599,0.7325489162426067,-2.8419324147618115,-3.574481331004418,553
203524,Solomon Hill,2020-21,MIA,ATL,-0.017111372400603987,0.028844237458964084,0.04595560985956807,-0.7269969652365236,1.014360324700946,1.7413572899374696,1513
1628470,Torrey Craig,2020-21,DEN,PHX,-0.006437766684409105,0.032921016167701336,0.03935878285211044,-7.409161610922201,-8.157232405513955,-0.7480707945917544,803
203486,Mason Plumlee,2020-21,DEN,DET,0.04319487165357254,0.11023600444711004,0.0670411327935375,0.27838351382386783,-1.9273076706859746,-2.2056911845098424,1499
1628382,Justin Jackson,2020-21,DAL,MIL,-0.00521729455741385,0.020286631581710648,0.0255039261391245,-1.5896574972102417,0.42980776712056024,2.019465264330802,577
1629740,Nicolo Melli,2020-21,NOP,DAL,0.008182589821312465,0.02704388811678681,0.018861298295474345,-3.0215775607463202,0.06411615438503127,3.0856937151313515,566
200765,Rajon Rondo,2020-21,LAL,LAC,-0.00494087736498263,0.014657415697630884,0.019598293062613514,-2.540821615111842,-1.1187106312598387,1.4221109838520034,769
202683,Enes Kanter,2020-21,BOS,POR,0.039594736799652704,0.05785020306040111,0.018255466260748407,4.939761211299711,7.251244234490741,2.3114830231910304,1758
203458,Alex Len,2020-21,SAC,WAS,-0.01041220189044264,0.016981476590309633,0.027393678480752272,-0.43264150085466646,-2.3013698465115837,-1.8687283456569173,979
201145,Jeff Green,2020-21,HOU,BKN,0.12049326718029241,0.10097227231843399,-0.019520994861858418,-3.988716098320764,-1.0182706023703012,2.9704454959504627,1835
201577,Robin Lopez,2020-21,MIL,WAS,-0.011688392327365708,-0.05274856297897425,-0.04106017065160854,-4.490612358611269,-1.2514549078110817,3.2391574508001875,1354
1628411,Wes Iwundu,2020-21,ORL,DAL,0.0044097289248046555,-0.051123709089232874,-0.05553343801403753,1.0176293836483203,-3.780135319987971,-4.797764703636291,535
203382,Aron Baynes,2020-21,PHX,TOR,0.014949644101306347,0.049784951016627645,0.0348353069153213,-2.4456718433496696,-4.414629629550671,-1.9689577862010013,980
1628379,Luke Kennard,2020-21,DET,LAC,-0.024877964518249526,0.02021670501632631,0.04509466953457583,3.11059682532877,-3.3007902509745732,-6.411387076303344,1232
203920,Khem Birch,2020-21,ORL,TOR,0.08628731598907084,0.09617929758211541,0.009891981593044566,-4.467305229153838,1.5962425893197771,6.063547818473615,1529
1627761,DeAndre' Bembry,2020-21,ATL,TOR,0.017764477107788546,0.017382407612218726,-0.00038206949556982006,-3.5588445537741666,1.786332610906555,5.345177164680722,972
1628977,Hamidou Diallo,2020-21,OKC,DET,-0.01951221418263449,0.02110348570485357,0.04061569988748806,0.5337916043588795,-3.273973628569143,-3.8077652329280225,1226
1627745,Damian Jones,2020-21,ATL,SAC,0.009876044731350463,-0.04001010520628001,-0.04988614993763048,-7.0962864760426,-3.628635526949486,3.467650949093114,546
1628422,Damyean Dotson,2020-21,NYK,CLE,0.009755244464992128,0.011195469294848732,0.001440224829856604,0.8422646867647663,-4.263383987838868,-5.105648674603634,907
1629021,Moritz Wagner,2020-21,WAS,ORL,0.013284621019484393,0.040765930429538716,0.027481309410054323,-3.030045380765883,-1.4905873302291428,1.5394580505367403,722
1629026,Kenrich Williams,2020-21,NOP,OKC,-0.03244643353138965,-0.006568606826503579,0.025877826704886073,0.6918804080296608,2.7667269442993225,2.0748465362696615,1426
1628402,Frank Jackson,2020-21,NOP,DET,-0.022321500908758517,0.010663534188040958,0.032985035096799474,-0.4954914894320819,4.306827849617662,4.802319339049744,738
1628425,Sterling Brown,2020-21,MIL,HOU,-0.05902728524463158,-0.06967958524713896,-0.010652300002507387,-0.1994492750915451,1.9857449407514105,2.1851942158429556,1229
1628407,Dwayne Bacon,2020-21,CHA,ORL,0.061341952512866095,-0.00848893250659041,-0.0698308850194565,0.07620812995233273,-4.025629163866744,-4.101837293819076,1853
203526,Raul Neto,2020-21,PHI,WAS,0.01755968888538597,0.011020925504605556,-0.006538763380780414,0.311206793250161,1.1512295317379595,0.8400227384877985,1403
1628396,Tony Bradley,2020-21,UTA,OKC,0.04947910004616142,0.059429437116967104,0.009950337070805684,0.28766038088240875,2.9755529624020998,2.687892581519691,684
201949,James Johnson,2020-21,MIN,NOP,-0.008125148204798704,0.06678031767038188,0.07490546587518059,-2.00335254440323,-5.297394620417625,-3.2940420760143954,1048
203918,Rodney Hood,2020-21,POR,TOR,-0.04996389417283671,-0.006774541703519015,0.043189352469317696,0.5312315369297183,-4.6053877142268185,-5.136619251156537,943
1629655,Daniel Gafford,2020-21,CHI,WAS,0.143066079985741,0.09461395169599184,-0.048452128289749166,0.06732798405990947,3.5923485163942677,3.5250205323343584,791
1629109,Gary Clark,2020-21,ORL,PHI,-0.029388303280166467,0.007163211178345906,0.036551514458512374,-4.137063787038467,0.42848835727469603,4.565552144313163,654
201961,Wayne Ellington,2020-21,NYK,DET,-0.011190683093570542,-0.019351512007935896,-0.008160828914365354,3.237641797984407,-0.3252743004268108,-3.562916098411218,1012
1628372,Dennis Smith Jr.,2020-21,NYK,DET,0.05799129683498601,0.03244821458792688,-0.025543082247059132,-8.072165115158988,1.4657910429277434,9.537956158086732,420
203506,Victor Oladipo,2020-21,IND,MIA,0.08783837972277235,-0.06215958042287186,-0.1499979601456442,-1.0174085165122126,2.24245069924369,3.2598592157559025,1080
201933,Blake Griffin,2020-21,DET,BKN,-0.005465031879880588,-0.00895361206392897,-0.0034885801840483814,0.28302007333386636,1.5181259876237263,1.23510591428986,1187
201587,Nicolas Batum,2020-21,CHA,LAC,-0.037071544595480496,0.022919919229845074,0.05999146382532557,2.4890445002841135,2.6708070312857184,0.1817625310016049,1835
1629750,Javonte Green,2020-21,BOS,CHI,0.02645494740373882,0.00023561875537097746,-0.026219328648367842,-2.986393257306994,2.404536218866583,5.390929476173577,474
1627741,Buddy Hield,2021-22,SAC,IND,0.044290709047271,0.02813694244494521,-0.016153766602325786,2.0718346490507673,2.2724077883444425,0.20057313929367515,2499
201566,Russell Westbrook,2021-22,WAS,LAL,0.013082345740175087,-0.051138935834226115,-0.0642212815744012,0.7661224182061643,-2.869422574083286,-3.63554499228945,2678
203496,Robert Covington,2021-22,POR,LAC,0.024578791208769928,0.006636982215146578,-0.01794180899362335,2.9280267608785033,3.580083466438291,0.6520567055597875,1939
1627734,Domantas Sabonis,2021-22,IND,SAC,0.0496075081001337,0.01629114502941539,-0.03331636307071831,-3.0052718775002973,4.413210980644737,7.418482858145035,2136
1626181,Norman Powell,2021-22,POR,LAC,0.0015328755822781612,0.0032389420653343797,0.0017060664830562185,-2.590044705523127,-9.244455584687364,-6.654410879164237,1458
203200,Justin Holiday,2021-22,IND,SAC,-0.021982338229861204,0.035669560907022446,0.05765189913688365,-0.3132190419668882,-1.0678225862889983,-0.7546035443221101,2057
202339,Eric Bledsoe,2021-22,NOP,LAC,-0.0005981752658616553,0.012364326847840817,0.012962502113702472,-2.6728251871963518,-2.2522796147938666,0.42054557240248513,1361
201942,DeMar DeRozan,2021-22,SAS,CHI,0.07178263860311654,0.002961207163408591,-0.06882143143970795,-3.120666396749338,3.0170400421073613,6.1377064388567,2743
203482,Kelly Olynyk,2021-22,HOU,DET,0.07982610087511115,-0.052392057170828836,-0.13221815804593998,-0.8338951770514336,1.093734803820945,1.9276299808723785,764
203471,Dennis Schroder,2021-22,LAL,HOU,-0.03162111974678158,-0.06155183068723432,-0.029930710940452743,1.0030680956266411,-5.113857572908817,-6.116925668535458,1837
1628398,Kyle Kuzma,2021-22,LAL,WAS,0.0068997883957432485,-0.010568048865152458,-0.017467837260895708,-4.1960047200557,-4.022860396505357,0.1731443235503427,2204
203493,Reggie Bullock,2021-22,NYK,DAL,0.05660432189900563,-0.03243156788022023,-0.08903588977922586,1.8496954487970305,6.832290004817039,4.9825945560200084,1902
203484,Kentavious Caldwell-Pope,2021-22,LAL,WAS,0.03937975730915421,0.006472427183755564,-0.03290733012539865,1.7087542487955902,0.35031523054569536,-1.3584390182498949,2329
201145,Jeff Green,2021-22,BKN,DEN,0.08817329696597262,0.003090486159544373,-0.08508281080642825,-1.0182706023703012,-0.5037274450409709,0.5145431573293303,1849
1628978,Donte DiVincenzo,2021-22,MIL,SAC,0.05985386242676271,0.0316427400088175,-0.02821112241794521,2.0091242889085716,-3.2328609722299584,-5.24198526113853,1005
1626196,Josh Richardson,2021-22,DAL,SAS,-0.04741097725582813,0.05185460099044586,0.099265578246274,-5.486870268473727,1.5105653933734329,6.9974356618471605,1600
201937,Ricky Rubio,2021-22,MIN,CLE,-0.03545334054750376,-0.03284321414377119,0.0026101264037325655,-5.635489026593586,6.81783416423391,12.453323190827497,970
202683,Enes Freedom,2021-22,POR,BOS,0.04692867470541166,-0.06184404001513048,-0.10877271472054215,7.251244234490741,3.619607112581098,-3.6316371219096433,411
202685,Jonas Valanciunas,2021-22,MEM,NOP,0.10384805560914388,0.07566843373742145,-0.028179621871722432,3.1709783867100416,1.8014091480039214,-1.3695692387061202,2240
1626153,Delon Wright,2021-22,SAC,ATL,0.014143739454355618,0.055684707479479234,0.041540968025123616,-0.23292517258451084,3.6421046567341153,3.8750298293186263,1452
1628366,Lonzo Ball,2021-22,NOP,CHI,-0.008503694653946233,0.0009890455258756187,0.009492740179821851,1.0272124476911297,1.4110303511739106,0.3838179034827809,1212
1630169,Tyrese Haliburton,2021-22,SAC,IND,0.009558467793861318,0.01029010093095516,0.0007316331370938421,-2.654697632809431,-1.4183579045907673,1.236339728218664,2694
2546,Carmelo Anthony,2021-22,POR,LAL,-0.08543402633200989,-0.12340249315327786,-0.03796846682126798,-2.5794321750824394,-0.1845818641537782,2.3948503109286614,1793
1626162,Kelly Oubre Jr.,2021-22,GSW,CHA,-0.03341222406641223,-0.019435875232070132,0.013976348834342095,-8.56206492999991,-1.0632019895988956,7.498862940401014,1999
201988,Patty Mills,2021-22,SAS,BKN,0.02404366227397463,0.03976901042327994,0.015725348149305308,1.4902772185807476,2.6486168338413827,1.1583396152606351,2346
1628984,Devonte' Graham,2021-22,CHA,NOP,-0.019749654807011827,0.021510826990543255,0.04126048179755508,4.667646133854692,2.4719183588773586,-2.1957277749773336,2162
201152,Thaddeus Young,2021-22,CHI,TOR,0.01380353196450428,-0.008611184516199973,-0.022414716480704252,6.340077786457878,0.5119231550299159,-5.828154631427962,845
203552,Seth Curry,2021-22,PHI,BKN,-0.015922064409156052,-0.004711870041582634,0.01121019436757342,1.6100190767525455,1.0806958462573308,-0.5293232304952147,2134
203926,Doug McDermott,2021-22,IND,SAS,0.04249782202775028,0.0050831148907359534,-0.03741470713701432,-2.8270654950860874,-5.529823757463005,-2.7027582623769173,1223
201935,James Harden,2021-22,BKN,PHI,0.04237540915158764,0.06659255500661751,0.02421714585502987,1.3397987942112342,3.992565844996059,2.6527670507848247,2420
203500,Steven Adams,2021-22,NOP,MEM,-0.032045061117255295,-0.013931083463228997,0.018113977654026298,0.6764021864522585,4.747486619609324,4.071084433157066,1999
200768,Kyle Lowry,2021-22,TOR,MIA,0.040033290497243336,0.05693741141191981,0.016904120914676475,-1.8819557581671649,1.3053007619666281,3.187256520133793,2133
1628464,Daniel Theis,2021-22,CHI,BOS,0.021329752571442873,-0.03767427519397443,-0.0590040277654173,-0.7062341777611145,-0.7067821229538969,-0.0005479451927823398,977
203468,CJ McCollum,2021-22,POR,NOP,-0.035624178406682167,0.03396154452680313,0.0695857229334853,2.7678176433180286,-0.014231269640529565,-2.782048912958558,2145
1626149,Montrezl Harrell,2021-22,LAL,CHA,0.04702904022487809,0.010707319126610541,-0.03632172109826755,-0.07097197535199418,3.7709119324940836,3.8418839078460776,1640
1628367,Josh Jackson,2021-22,DET,SAC,0.031748744209760364,2.6295976723122098e-05,-0.03172244823303724,0.48028425629525295,-2.4480539692773795,-2.9283382255726327,830
202066,Garrett Temple,2021-22,CHI,NOP,0.009071178125270243,0.011667861642330116,0.002596683517059873,2.9032830212717986,-10.56223914837681,-13.465522169648608,1098
203486,Mason Plumlee,2021-22,DET,CHA,0.010118186920935237,0.020573207191807844,0.010455020270872606,-1.9273076706859746,-0.062332213740840636,1.864975456945134,1793
1627747,Caris LeVert,2021-22,IND,CLE,0.01696098828197245,0.0012237496358685272,-0.01573723864610392,-0.10552664974087189,-1.7255381955510307,-1.6200115458101587,1780
203901,Elfrid Payton,2021-22,NYK,PHX,0.02619111330579294,-0.006205113908634891,-0.032396227214427836,-6.007902396657706,-5.153057036241372,0.8548453604163342,549
202722,Davis Bertans,2021-22,WAS,DAL,0.03505421169938778,0.0858641460344347,0.050809934335046915,2.938553595440799,0.5670482739772593,-2.3715053214635398,806
1629013,Landry Shamet,2021-22,BKN,PHX,-0.04662498207251911,-0.015215451816360174,0.03140953025615894,-0.7683217499317218,1.3144724131083758,2.0827941630400977,1437
202689,Kemba Walker,2021-22,BOS,NYK,-0.0067138299802043284,-0.04244103213498174,-0.03572720215477741,2.1132825822929737,-4.073833848532378,-6.187116430825352,948
200752,Rudy Gay,2021-22,SAS,UTA,0.04617566334299807,-0.06279238259385325,-0.10896804593685133,4.295754077789763,1.1549579246935784,-3.1407961530961845,1038
200782,P.J. Tucker,2021-22,MIL,MIA,0.03710660535234476,-0.0008199059952198812,-0.03792651134756464,-7.5260464471887225,3.884146563500034,11.410193010688756,1981
1627854,Bryn Forbes,2021-22,MIL,DEN,-0.05555957923848643,-0.011224075269393473,0.04433550396909296,-2.304085298616325,0.8665235948323342,3.1706088934486596,1286
201577,Robin Lopez,2021-22,WAS,ORL,-0.033134493541743755,0.03426229502722686,0.0673967885689706,-1.2514549078110817,1.379561677405727,2.631016585216809,612
202687,Bismack Biyombo,2021-22,CHA,PHX,0.07948719334159128,-0.05288128716782144,-0.13236848050941272,-7.565159829259736,0.5933375798783413,8.158497409138077,506
1628404,Josh Hart,2021-22,NOP,POR,0.02902954000168148,-0.006157121551648741,-0.03518666155333022,1.131682226695444,-0.05709782263209584,-1.1887800493275398,1791
2738,Andre Iguodala,2021-22,MIA,GSW,0.11072824197655547,0.08281588559836506,-0.02791235637819041,-1.0342839054695245,4.224423835040783,5.2587077405103075,603
201609,Goran Dragic,2021-22,MIA,BKN,0.024660417799446444,0.02334701681306205,-0.0013134009863843936,3.045077774451399,-0.2847744262746781,-3.3298522007260773,497
203145,Kent Bazemore,2021-22,GSW,LAL,0.0051337990102757,-0.018097556146640374,-0.023231355156916073,2.8330516936651104,-1.699709280302088,-4.532760973967198,545
204001,Kristaps Porzingis,2021-22,DAL,WAS,0.0010430473932203281,-0.017082965841575648,-0.018126013234795978,-1.6260060599132276,-0.651974758923295,0.9740313009899325,1481
1629004,Svi Mykhailiuk,2021-22,OKC,TOR,-0.0029441738631293996,0.019370928992332746,0.022315102855462145,-1.1170607703410744,-4.287749286094892,-3.170688515753817,716
1627884,Derrick Jones Jr.,2021-22,POR,CHI,0.026312171258537038,-0.032179601427904055,-0.058491772686441096,-5.255774529755917,3.139629337246056,8.395403867001974,899
1628374,Lauri Markkanen,2021-22,CHI,CLE,-0.02557794632467649,0.006231334603793062,0.031809280928469554,-2.594063132561126,1.3287398083554778,3.9228029409166036,1878
203107,Tomas Satoransky,2021-22,CHI,WAS,0.007414297112079059,0.0033989998793718507,-0.004015297232707209,1.3648696786055654,-3.169343736111016,-4.534213414716581,906
202684,Tristan Thompson,2021-22,BOS,CHI,-0.014798767699873438,0.020647575780904325,0.03544634348077776,-0.7803183483902127,-0.20957256550862025,0.5707457828815925,896
1628960,Grayson Allen,2021-22,MEM,MIL,0.03409696998349957,0.012134332219630797,-0.021962637763868774,-1.2752268725003466,1.2237995193611424,2.499026391861489,1805
203095,Evan Fournier,2021-22,BOS,NYK,0.006589339495409139,0.011640705995529424,0.005051366500120285,1.0245044001407129,2.019683973175655,0.995179573034942,2358
201599,DeAndre Jordan,2021-22,BKN,PHI,0.028230663919551566,0.07684517270697068,0.04861450878741912,-5.628465194355568,-3.8339680624560124,1.794497131899556,622
203083,Andre Drummond,2021-22,LAL,BKN,-0.016458918410647012,0.006996713199380949,0.023455631610027963,1.3335281396269698,2.1741176862871754,0.8405895466602056,1437
1628425,Sterling Brown,2021-22,HOU,DAL,-0.026122600214625005,-0.021420581384620645,0.004702018830004359,1.9857449407514105,0.7773870641073866,-1.208357876644024,628
1627936,Alex Caruso,2021-22,LAL,CHI,0.018784276327068812,0.051127550412327416,0.032343274085258604,4.3942618387073065,4.828653277697235,0.4343914389899286,1147
2730,Dwight Howard,2021-22,PHI,LAL,0.08868840806168661,0.05032131260210352,-0.03836709545958309,-4.097734822475139,-2.778660864692559,1.3190739577825799,971
1628988,Aaron Holiday,2021-22,IND,PHX,0.004284102360104697,-0.012251917668500104,-0.0165360200286048,-1.0402273683905472,-1.1679834596848147,-0.12775609129426746,1021
1627777,Georges Niang,2021-22,UTA,PHI,0.02356382326824469,0.03198703601074321,0.008423212742498517,6.0177846746705566,-0.18333491494760845,-6.201119589618165,1736
202083,Wesley Matthews,2021-22,LAL,MIL,0.0387654982739211,0.02086476623734323,-0.01790073203657787,0.6382142925335502,2.544378131665117,1.9061638391315667,1002
201571,D.J. Augustin,2021-22,HOU,LAL,-0.024920735280700948,-0.008129148433585297,0.016791586847115653,-2.0243025446149536,-3.8429273270807323,-1.8186247824657786,883
1628963,Marvin Bagley III,2021-22,SAC,DET,-0.046366516202612035,0.09239146607379367,0.1387579822764057,-1.4611235847775204,-0.7013131597182436,0.7598104250592768,1146
1626204,Larry Nance Jr.,2021-22,CLE,NOP,-0.007897023525828998,-0.04208978362619816,-0.03419276010036916,1.6891391452788063,1.94450283142399,0.2553636861451838,1040
1628401,Derrick White,2021-22,SAS,BOS,0.09327936946567175,0.0014363241409117895,-0.09184304532475997,3.7078169098730664,4.3995598454339735,0.691742935560907,2199
1627789,Timothe Luwawu-Cabarrot,2021-22,BKN,ATL,-0.03907878659931232,0.017335649434908864,0.05641443603422118,-2.2655066106237602,-5.04746371244974,-2.7819571018259794,685
201949,James Johnson,2021-22,NOP,BKN,0.029851740066919586,0.020090961171233327,-0.009760778895686259,-5.297394620417625,1.1214842061263677,6.4188788265439936,1191
202324,Derrick Favors,2021-22,UTA,OKC,0.024451697614823242,0.11019268143232809,0.08574098381750485,0.2555608742040676,-1.3363890344803675,-1.591949908684435,653
1629726,Garrison Mathews,2021-22,WAS,HOU,0.03893581152381832,0.05905153326194945,0.02011572173813113,-3.372861241875461,0.8976203491595856,4.270481591035047,1712
201961,Wayne Ellington,2021-22,DET,LAL,-0.008919868014049733,0.023534151436953893,0.032454019451003624,-0.3252743004268108,2.4910332138313342,2.816307514258145,810
1629638,Nickeil Alexander-Walker,2021-22,NOP,UTA,-0.02511166414777756,0.005560855867216077,0.030672520014993637,-2.250677575298154,-0.8257412181440459,1.4249363571541083,1466
1626169,Stanley Johnson,2021-22,TOR,LAL,-0.019603861033403693,-0.04279278307129418,-0.023188922037890487,-3.9528481563952234,-0.3923804891762188,3.5604676672190045,1094
203503,Tony Snell,2021-22,ATL,NOP,0.02593005916025255,0.04215301967779707,0.01622296051754452,-1.0894198340884076,-4.467392525237427,-3.3779726911490195,822
203458,Alex Len,2021-22,WAS,SAC,-0.006677414588483156,-0.005520711334029934,0.0011567032544532218,-2.3013698465115837,-1.3466141062184132,0.9547557402931706,620
1627761,DeAndre' Bembry,2021-22,TOR,MIL,-0.02275751130951232,0.03452828400468043,0.05728579531419275,1.786332610906555,-1.3363549449638916,-3.1226875558704466,1026
201586,Serge Ibaka,2021-22,LAC,MIL,-0.02905813758267212,-0.02991406088445611,-0.0008559233017839882,-2.7152254198710892,-2.3560257804577525,0.35919963941333677,878
1628400,Semi Ojeleye,2021-22,BOS,LAC,0.014393726520300305,-0.0024415558630131277,-0.016835282383313433,-1.7030001892124167,-9.484247351086282,-7.781247161873865,406
203918,Rodney Hood,2021-22,TOR,LAC,-0.03222213325932323,-0.006116429143193601,0.026105704116129627,-4.6053877142268185,2.5257442921559456,7.131132006382764,709
1627863,Danuel House Jr.,2021-22,HOU,UTA,0.05038675927059574,0.08501584986439999,0.03462909059380424,-7.617920862478123,0.08268329069109082,7.700604153169214,727
203463,Ben McLemore,2021-22,LAL,POR,0.04807047508295153,-0.006549235472341858,-0.05461971055529339,-0.3320688389601909,-5.053689415978151,-4.72162057701796,1285
1627752,Taurean Prince,2021-22,CLE,MIN,-0.0013420906666521298,-0.026039032778322053,-0.024696942111669923,-0.76180020761372,-0.8950428222339065,-0.1332426146201865,1177
1627823,Juancho Hernangomez,2021-22,MIN,UTA,0.011687455995814503,0.058025164128461204,0.046337708132646704,1.660182073415657,-0.41505149016256526,-2.075233563578222,445
1628370,Malik Monk,2021-22,CHA,LAL,-0.020464422553074946,-0.0257563731547767,-0.0052919506017017545,3.461348438034989,3.770850694378018,0.3095022563430292,2139
2772,Trevor Ariza,2021-22,MIA,LAL,0.07548895932039976,0.02030163880154349,-0.05518732051885626,-1.7552118134356334,-1.5765525753665925,0.17865923806904083,462
201976,Patrick Beverley,2021-22,LAC,MIN,0.04964218479901097,-0.0009500372191557551,-0.050592222018166724,0.2723182638182722,-0.0700990547745095,-0.3424173185927817,1476
1628997,Caleb Martin,2021-22,CHA,MIA,-0.015500844671047351,-0.04770448003457625,-0.0322036353635289,-1.0701101264520352,3.9207421342862374,4.990852260738272,1372
201143,Al Horford,2021-22,OKC,BOS,0.053538553877295,-0.0008168766806630084,-0.05435543055795801,0.6397173383250383,1.9794271390381244,1.339709800713086,2005
203090,Maurice Harkless,2021-22,MIA,SAC,0.03635629878439464,0.02870108349626838,-0.007655215288126262,-0.12847278099614406,0.3997424253742733,0.5282152063704173,863
200765,Rajon Rondo,2021-22,LAC,CLE,0.05186668416019876,-0.048681161910779557,-0.10054784607097832,-1.1187106312598387,-2.3255983374819733,-1.2068877062221346,698
203087,Jeremy Lamb,2021-22,IND,SAC,-0.0037667493457317174,-0.03144905992687456,-0.02768231058114284,-0.034877444364525445,6.432256884735299,6.467134329099824,935
1629234,Drew Eubanks,2021-22,SAS,POR,0.012482296337756934,-0.030081153112100842,-0.04256344944985778,-0.7547173750200795,-4.342013689820021,-3.587296314799942,1245
1629629,Cam Reddish,2021-22,ATL,NYK,0.006966318976683668,0.025534370580067457,0.01856805160338379,-7.215496273842577,-10.72258610326012,-3.507089829417543,1012
1630173,Precious Achiuwa,2021-22,MIA,TOR,0.045926243814992065,0.018059263955600417,-0.027866979859391648,-4.014753424623081,-0.48453694918362267,3.5302164754394587,1725
1628975,Jevon Carter,2021-22,PHX,MIL,-0.01649355578204533,-0.0415706163036477,-0.02507706052160237,0.9267259056523576,4.59887995764233,3.6721540519899722,905
202326,DeMarcus Cousins,2021-22,LAC,DEN,0.008476852872004571,0.011887465382871847,0.003410612510867276,-0.8228818379727056,3.5837691663982896,4.406651004370995,717
1629672,Eric Paschall,2021-22,GSW,UTA,-0.03749184751983103,-0.06821910356456896,-0.030727256044737937,-3.545929003724576,-5.258615971478892,-1.712686967754316,736
1628396,Tony Bradley,2021-22,OKC,CHI,0.09837760930196557,0.0641202755076975,-0.03425733379426807,2.9755529624020998,4.890013098471155,1.9144601360690556,549
201580,JaVale McGee,2021-22,DEN,PHX,-0.011523474841937791,-0.0021928642453374453,0.009330610596600345,2.007577535803846,0.7454749024241725,-1.2621026333796737,1172
201588,George Hill,2021-22,PHI,MIL,0.026597495838616675,0.03969372141902429,0.013096225580407614,2.27831955248155,11.432462870039464,9.154143317557914,1253
1629164,Brandon Goodwin,2021-22,ATL,CLE,-0.04227028262155862,-0.041563715251329854,0.0007065673702287695,-2.5666845386076793,-1.2711323890385868,1.2955521495690925,502
203490,Otto Porter Jr.,2021-22,ORL,GSW,-0.01896631505749867,-0.026234992877673426,-0.007268677820174756,-1.0670469286979645,1.0420817106434042,2.1091286393413684,1401
202340,Avery Bradley,2021-22,HOU,LAL,-0.10174543848192961,-0.023165668950168056,0.07857976953176156,-2.6359409299419365,-1.0651908733144493,1.5707500566274872,1406
202357,Nemanja Bjelica,2021-22,MIA,GSW,0.014021727831004633,0.006253200125588699,-0.007768527705415934,-1.3494065544796916,-1.664385532812923,-0.3149789783332313,1143
1628392,Isaiah Hartenstein,2021-22,CLE,LAC,0.028341274009029797,0.00956294847634601,-0.018778325532683788,1.8676744530656968,5.259992883874943,3.3923184308092456,1216
202355,Hassan Whiteside,2021-22,SAC,UTA,-0.05169746955615639,-0.026462391282785498,0.02523507827337089,-0.6036294459990041,9.55848288143606,10.162112327435064,1162
1629717,Armoni Brooks,2021-22,HOU,TOR,0.006229522134374097,0.057958670994970395,0.0517291488605963,-4.8538585485700265,-1.0827159410383635,3.771142607531663,844
1626159,Justise Winslow,2021-22,MEM,POR,0.01664144094109496,-0.001399212831780811,-0.01804065377287577,-5.207009906500801,4.307367346095236,9.514377252596038,775
1628372,Dennis Smith Jr.,2021-22,DET,POR,-0.011516928458883203,-0.01087880651972583,0.0006381219391573736,1.4657910429277434,-1.2757582333382922,-2.741549276266036,638
1628969,Mikal Bridges,2022-23,PHX,BKN,0.009522681936485481,0.026058729580173842,0.01653604764368836,5.985905591511363,0.042227798114905735,-5.943677793396457,2963
1630180,Saddiq Bey,2022-23,DET,ATL,-0.002812193257229859,0.030931268317791347,0.03374346157502121,-5.353334667136373,1.8146552578252453,7.167989924961619,2129
201566,Russell Westbrook,2022-23,LAL,LAC,-0.005769160058603971,-0.007105050668123955,-0.0013358906095199841,-2.869422574083286,-1.7900340774765964,1.0793884966066896,2126
1627827,Dorian Finney-Smith,2022-23,DAL,BKN,0.05590265503085455,0.04331784081544081,-0.012584814215413742,4.716636406306439,-1.3570598762203003,-6.07369628252674,2009
1628973,Jalen Brunson,2022-23,DAL,NYK,-0.029331477512850635,0.0012812889080924179,0.030612766420943054,1.6643775086877852,1.6960080235577464,0.03163051486996116,2379
1626220,Royce O'Neale,2022-23,UTA,BKN,0.07385178392659816,0.08883690942244983,0.014985125495851667,-1.9146369851832157,1.1845870176055877,3.0992240027888034,2409
1627749,Dejounte Murray,2022-23,SAS,ATL,0.02973671867559587,0.05885102870232233,0.029114310026726462,2.958219714290738,-3.145225435845873,-6.103445150136611,2693
202704,Reggie Jackson,2022-23,LAC,DEN,0.004249983061920655,0.012456980881977942,0.008206997820057287,-0.01593227789599072,-1.6645708353582467,-1.648638557462256,1657
203484,Kentavious Caldwell-Pope,2022-23,WAS,DEN,0.0011258838805153324,0.015246768070590803,0.014120884190075471,0.35031523054569536,1.5126890331182756,1.1623738025725803,2381
202692,Alec Burks,2022-23,NYK,DET,-0.0027689004383859286,0.07487992404141756,0.0776488244798035,2.0218899415897376,4.773699711872195,2.751809770282457,1122
203115,Will Barton,2022-23,DEN,TOR,-0.008522112389108761,-0.0014576289545388014,0.00706448343456996,-6.244151700723725,-6.531176687867182,-0.28702498714345737,993
1628378,Donovan Mitchell,2022-23,UTA,CLE,-0.021955206698342864,-0.027433866241811683,-0.005478659543468819,0.038358863363947115,1.239101570026116,1.200742706662169,2432
1628420,Monte Morris,2022-23,DEN,WAS,0.033742399644989055,-0.004350045927555192,-0.038092445572544244,0.6535020896555574,1.3783091725278789,0.7248070828723214,1696
1628989,Kevin Huerter,2022-23,ATL,SAC,0.031333440170427856,0.001498799029788613,-0.029834641140639242,3.6654859970347324,2.001558301220026,-1.6639276958147065,2203
1628984,Devonte' Graham,2022-23,NOP,SAS,-0.042316730889306216,-0.02952490077779139,0.012791830111514826,2.4719183588773586,-3.2886712483872413,-5.7605896072646,1338
1628370,Malik Monk,2022-23,LAL,SAC,0.0033289573415790116,0.009650154722338596,0.006321197380759584,3.770850694378018,-2.135497983033465,-5.906348677411483,1719
202711,Bojan Bogdanovic,2022-23,UTA,DET,-0.011475354769413781,0.058730353049699056,0.07020570781911284,-1.235849699528665,0.3526958169467749,1.5885455164754398,1893
203497,Rudy Gobert,2022-23,UTA,MIN,0.08705063010808325,0.05717707904258567,-0.029873551065497585,8.62299288546613,-4.40510249970286,-13.02809538516899,2148
1626174,Christian Wood,2022-23,HOU,DAL,0.0857595619196887,0.02987544692761175,-0.05588411499207695,-3.3581406768897706,-0.2541553954515763,3.1039852814381943,1738
1626156,D'Angelo Russell,2022-23,MIN,LAL,-0.02182150841639224,-0.013529865027553182,0.008291643388839058,2.9464795475305188,1.108374412350389,-1.8381051351801299,2304
201144,Mike Conley,2022-23,UTA,MIN,-0.009585887936876376,-0.00047844657968082135,0.009107441357195555,3.6930245435062403,0.9191381397117699,-2.7738864037944704,2028
203200,Justin Holiday,2022-23,SAC,DAL,-0.0019908416319333873,0.05706042143766264,0.05905126306959603,-1.0678225862889983,-6.450585285072511,-5.382762698783512,706
201142,Kevin Durant,2022-23,BKN,PHX,-0.021401684692185632,-0.025550537876547774,-0.004148853184362141,8.415698711235747,5.602823008080273,-2.8128757031554734,1672
200782,P.J. Tucker,2022-23,MIA,PHI,0.014868489853608885,0.04765316690650586,0.03278467705289698,3.884146563500034,-3.142505003645164,-7.026651567145198,1920
203915,Spencer Dinwiddie,2022-23,DAL,BKN,0.030974498772868182,0.04918739839963291,0.018212899626764728,-0.45447255320416236,-2.27881708250971,-1.8243445293055474,2725
1627736,Malik Beasley,2022-23,MIN,LAL,-0.007395576126888437,0.02843097182732795,0.03582654795421639,0.9511430192575092,-4.298893551540351,-5.25003657079786,2093
1627751,Jakob Poeltl,2022-23,SAS,TOR,0.07461909433276417,0.02837915773727846,-0.04623993659548571,1.7943231085455094,2.3455792939956694,0.5512561854501601,1906
1629647,Darius Bazley,2022-23,OKC,PHX,-0.01203522702493348,0.0026840710092097745,0.014719298034143255,-6.085911920093034,-3.9976308821151405,2.0882810379778936,616
1628379,Luke Kennard,2022-23,LAC,MEM,-0.005686566495114613,-0.030735672818240002,-0.02504910632312539,1.988069592634388,6.4317220614254875,4.443652468791099,1315
1629020,Jarred Vanderbilt,2022-23,MIN,LAL,0.05998743185532272,0.02669902697264685,-0.03328840488267587,2.926477320814865,-4.780098810531578,-7.706576131346443,1880
1628374,Lauri Markkanen,2022-23,CLE,UTA,0.010074072594820608,0.010255777696688475,0.00018170510186786733,1.3287398083554778,6.978612922011708,5.649873113656231,2273
203471,Dennis Schroder,2022-23,HOU,LAL,-0.04372315793151878,-0.02859672010048651,0.015126437831032267,-5.113857572908817,2.8074680960314264,7.921325668940243,1986
1628964,Mo Bamba,2022-23,ORL,LAL,0.0033997430742740715,-0.025471699700564548,-0.02887144277483862,-4.766954015450787,5.506479110705769,10.273433126156554,768
203486,Mason Plumlee,2022-23,CHA,LAC,0.017895396932700217,0.02467442603147423,0.006779029098774012,-0.062332213740840636,-2.384906591444831,-2.3225743777039902,2053
1628404,Josh Hart,2022-23,POR,NYK,-0.027847683471214985,0.02393518578675722,0.05178286925797221,-0.05709782263209584,6.296985527515473,6.354083350147569,2454
1628971,Bruce Brown,2022-23,BKN,DEN,0.008876651097465485,0.0023766639060565677,-0.006499987191408917,-0.951129334132913,-2.7591115781906392,-1.8079822440577262,2280
1629661,Cameron Johnson,2022-23,PHX,BKN,0.026373726290071647,0.04501381342768372,0.018640087137612074,1.7282880237967544,8.415042770544462,6.686754746747708,1200
1629726,Garrison Mathews,2022-23,HOU,ATL,0.007192563103334901,0.04900242523028278,0.04180986212694788,0.8976203491595856,-1.3118321499028518,-2.2094524990624373,686
1629680,Matisse Thybulle,2022-23,PHI,POR,0.06448339472783203,-0.02405597452580364,-0.08853936925363567,0.33828582830294796,2.2655700416552853,1.9272842133523373,1200
201569,Eric Gordon,2022-23,HOU,LAC,-0.013158720418591908,0.026765305420571102,0.03992402583916301,4.115509062958748,-1.2062952850904094,-5.321804348049158,1965
201567,Kevin Love,2022-23,CLE,MIA,0.025809060869954922,-0.004835521098974903,-0.030644581968929826,1.6086540286611954,-0.16716853642614515,-1.7758225650873407,1240
1629001,De'Anthony Melton,2022-23,MEM,PHI,0.02036283530437698,0.0006904889527392044,-0.019672346351637778,2.732014653595324,-3.8107791498145502,-6.542793803409874,2150
1626149,Montrezl Harrell,2022-23,CHA,PHI,0.0002448515827103211,0.043830909778590166,0.043586058195879844,3.7709119324940836,3.08688748922623,-0.6840244432678535,681
1629022,Lonnie Walker IV,2022-23,SAS,LAL,0.007737958173498025,-0.026418439933203693,-0.03415639810670172,-2.5557941564474222,-9.110755620610746,-6.554961464163323,1297
1626196,Josh Richardson,2022-23,SAS,NOP,0.015056064410143809,0.032761417447192874,0.017705353037049065,1.5105653933734329,0.09359616416357275,-1.4169692292098601,1530
1629659,Talen Horton-Tucker,2022-23,LAL,UTA,-0.009411578411272848,0.017044179360750228,0.026455757772023074,-0.5017021365544934,0.6976211503242112,1.1993232868787045,1313
203924,Jerami Grant,2022-23,DET,POR,0.0004681857784286108,0.018758979192132423,0.018290793413703814,1.5817087047467542,-2.1867535785865164,-3.7684622833332706,2246
203937,Kyle Anderson,2022-23,MEM,MIN,0.006505990769010641,-0.005618414978485,-0.012124405747495641,-1.805900734524858,2.620143330618437,4.426044065143295,1957
203085,Austin Rivers,2022-23,DEN,MIN,0.0210471963127609,0.02311913019862493,0.0020719338858640295,1.1780831551943907,-3.9142013531429773,-5.092284508337368,1016
201976,Patrick Beverley,2022-23,MIN,CHI,-0.009671520973211658,0.05224905589243828,0.06192057686564994,-0.0700990547745095,-2.751306692801467,-2.681207638026957,1817
1629638,Nickeil Alexander-Walker,2022-23,UTA,MIN,-0.020523308677379885,-0.02444749307270486,-0.003924184395324975,-0.8257412181440459,-1.3890326847900916,-0.5632914666460457,884
1626153,Delon Wright,2022-23,ATL,WAS,0.04973672093671042,0.0326377530436128,-0.017098967893097623,3.6421046567341153,4.756765292352984,1.1146606356188689,1221
203082,Terrence Ross,2022-23,ORL,PHX,-0.01427582456551778,-0.010510128485876813,0.0037656960796409664,-5.969762716947754,-4.1843936236195765,1.7853690933281774,1330
203083,Andre Drummond,2022-23,BKN,CHI,0.06476767754049564,0.027684928219721173,-0.037082749320774475,2.1741176862871754,-1.3086599964720922,-3.4827776827592674,849
1630181,R.J. Hampton,2022-23,ORL,DET,0.016022347428332327,0.062385986816816834,0.04636363938848451,-7.486323648078054,-1.8038272386698166,5.6824964094082375,750
203526,Raul Neto,2022-23,WAS,CLE,0.0007514087386490615,-0.011249865988826076,-0.012001274727475138,-1.1772259609691715,0.13636996531016266,1.3135959262793342,505
1630538,Bones Hyland,2022-23,DEN,LAC,6.813405141583677e-05,0.009524270241988125,0.00945613619057229,1.3679565451390698,-3.375440930044375,-4.7433974751834445,1086
1627814,Damion Lee,2022-23,GSW,PHX,0.03997991519826479,0.017634480908466466,-0.022345434289798325,-0.5983669525303419,0.1429735795856144,0.7413405321159563,1506
201588,George Hill,2022-23,MIL,IND,0.0367871131783232,0.0188075835386167,-0.0179795296397065,11.432462870039464,3.6824775587286522,-7.7499853113108115,833
1628392,Isaiah Hartenstein,2022-23,LAC,NYK,-0.023142332293061306,-0.027326023172531102,-0.004183690879469796,5.259992883874943,3.0404250642465103,-2.2195678196284323,1628
1627763,Malcolm Brogdon,2022-23,IND,BOS,0.009015472320331074,0.00560537967282784,-0.003410092647503234,0.89934375627521,-1.0107912462921258,-1.9101350025673358,1744
1629670,Jordan Nwora,2022-23,MIL,IND,-0.019217418288179612,-0.029788562272711837,-0.010571143984532225,-1.7657058727037196,-6.4288678574105855,-4.663161984706866,1188
204060,Joe Ingles,2022-23,UTA,MIL,0.050494845305762204,0.06127855314863505,0.010783707842872844,-0.022446378329798566,-2.1427718579704536,-2.120325479640655,1044
1626169,Stanley Johnson,2022-23,LAL,SAS,-0.0086261853872757,0.02343103006315686,0.03205721545043256,-0.3923804891762188,-1.1805740079792375,-0.7881935188030187,469
202681,Kyrie Irving,2022-23,BKN,DAL,-0.020826858045538025,-0.0006903810779485895,0.020136476967589436,3.466983656344099,2.396803806700447,-1.0701798496436519,2240
203210,JaMychal Green,2022-23,DEN,GSW,-0.0004928059866740223,-0.03205867167766025,-0.03156586569098623,-0.3867336318653993,-4.9757221647101515,-4.588988532844752,797
203473,Dewayne Dedmon,2022-23,MIA,PHI,-0.034981592063600346,0.00994674266624994,0.044928334729850285,1.7861338438932726,-5.785277921656152,-7.571411765549424,426
1628972,Troy Brown Jr.,2022-23,CHI,LAL,0.010450007375648926,-0.020469685274513167,-0.030919692650162093,0.22671985380120474,-1.7315056981068313,-1.958225551908036,1860
1628988,Aaron Holiday,2022-23,PHX,ATL,-0.015185059904976886,0.0034912601570274734,0.01867632006200436,-1.1679834596848147,1.3189512906588843,2.486934750343699,845
1627745,Damian Jones,2022-23,SAC,UTA,0.04062872700797422,0.06905440424476919,0.02842567723679497,-2.0229951673567714,0.14863476085285132,2.1716299282096228,477
1629629,Cam Reddish,2022-23,NYK,POR,0.01963784206459377,0.01126878726807176,-0.00836905479652201,-10.72258610326012,-5.927343964915588,4.795242138344532,990
1628978,Donte DiVincenzo,2022-23,SAC,GSW,0.0009773782578814583,0.028563608077757013,0.027586229819875557,-3.2328609722299584,2.9369980300955945,6.169859002325553,1894
1629308,Juan Toscano-Anderson,2022-23,GSW,UTA,0.07936864712337449,-7.559654105859497e-05,-0.07944424366443309,1.3353395626398235,-4.159560524090985,-5.494900086730809,700
201933,Blake Griffin,2022-23,BKN,BOS,0.004230470369105827,-0.005283300607912859,-0.009513770977018686,-5.657453918551222,2.188842565677925,7.846296484229147,569
1629676,Isaiah Roby,2022-23,OKC,SAS,0.00849990619848942,0.037665664214797084,0.029165758016307664,-0.701354086502407,-1.6592670139545884,-0.9579129274521814,474
201959,Taj Gibson,2022-23,NYK,WAS,0.02572448157581013,-0.04668887375085766,-0.07241335532666779,0.06673375111056123,0.3396872846373208,0.27295353352675955,480
1629060,Rui Hachimura,2022-23,WAS,LAL,-0.0458986771031281,-0.05896173137143772,-0.013063054268309615,-3.2774122843644666,-2.305965444228938,0.9714468401355285,1466
1630177,Theo Maledon,2022-23,OKC,CHA,-4.4362201105992055e-05,-0.038994542289128596,-0.038950180088022604,-5.525907700666766,-1.8422681857903846,3.683639514876381,854
1629667,Jalen McDaniels,2022-23,CHA,PHI,0.013488245445430256,0.029090879008447534,0.015602633563017278,3.9939587001921453,1.8144510247880912,-2.179507675404054,1913
1629660,Ty Jerome,2022-23,OKC,GSW,0.013472574312343626,-0.013635660762197101,-0.02710823507454073,0.6581473493110317,-3.888394036473234,-4.546541385784266,816
203482,Kelly Olynyk,2022-23,DET,UTA,-0.033075623218427413,-0.004529099804735009,0.028546523413692404,1.093734803820945,0.3167647019017429,-0.776970101919202,1942
1629048,Goga Bitadze,2022-23,IND,ORL,0.0026243083799039,0.08786561141687425,0.08524130303697035,1.6002349008879033,3.5866486293139155,1.9864137284260122,457
1627863,Danuel House Jr.,2022-23,UTA,PHI,0.06942076534659625,-0.031026361726393562,-0.1004471270729898,0.08268329069109082,-1.4470265930598554,-1.5297098837509462,807
1629004,Svi Mykhailiuk,2022-23,TOR,CHA,0.017719114901690234,-0.035094123722422585,-0.052813238624112815,-4.287749286094892,4.9324849055588915,9.220234191653784,468
1628372,Dennis Smith Jr.,2022-23,POR,CHA,-0.006153533777663427,-0.02137211326493868,-0.015218579487275254,-1.2757582333382922,3.571137275274206,4.846895508612498,1390
201599,DeAndre Jordan,2022-23,PHI,DEN,0.03341208978281296,0.006262258963974243,-0.027149830818838715,-3.8339680624560124,-1.1195416496704111,2.7144264127856013,586
1630198,Isaiah Joe,2022-23,PHI,OKC,-0.032430780191394316,0.05292420399028376,0.08535498418167808,2.82155688940447,3.29529799143811,0.47374110203364017,1395
203488,Mike Muscala,2022-23,OKC,BOS,0.014589329404170001,-0.007704686775723195,-0.022294016179893197,5.194615512466732,3.277420904018627,-1.917194608448105,945
1629111,Jock Landale,2022-23,SAS,PHX,-0.004397777708662939,0.004466172637810613,0.008863950346473554,3.0610905656807645,4.812401820213676,1.7513112545329115,979
1630174,Aaron Nesmith,2022-23,BOS,IND,0.010240123300320477,-0.002289456101566801,-0.012529579401887278,1.2060557693618934,-3.368778839882501,-4.574834609244395,1816
1629006,Josh Okogie,2022-23,MIN,PHX,-5.325178319469434e-05,0.04462544524383634,0.044678697027031034,2.4488146489967044,2.3802239771011964,-0.06859067189550805,1350
201609,Goran Dragic,2022-23,BKN,MIL,0.008286166118277398,0.0005300544154321832,-0.007756111702845215,-0.2847744262746781,-3.3876581655912164,-3.102883739316538,870
1627823,Juancho Hernangomez,2022-23,UTA,TOR,0.05916243689882821,0.016859585047614513,-0.0423028518512137,-0.41505149016256526,-0.35722241426433277,0.057829075898232496,614
1629139,Yuta Watanabe,2022-23,TOR,BKN,0.037947158870529615,-0.04797903777319444,-0.08592619664372406,-2.590098479084138,-0.5305568763951622,2.0595416026889755,928
1628418,Thomas Bryant,2022-23,WAS,DEN,-0.02698344544679527,-0.022218663899569596,0.004764781547225674,-3.6524389038920644,-1.390969141373457,2.2614697625186073,1081
1630572,Sandro Mamukelashvili,2022-23,MIL,SAS,0.019526943470424857,0.01150332585778948,-0.008023617612635377,-6.401856703841393,-1.4465316071138803,4.955325096727512,661
203915,Spencer Dinwiddie,2023-24,BKN,LAL,0.02123338099421015,0.015626860177332554,-0.005606520816877597,-2.27881708250971,4.643207094836721,6.922024177346431,2152
1627783,Pascal Siakam,2023-24,TOR,IND,0.014867407613623186,-0.0022680150361862714,-0.017135422649809457,0.4091927266660582,-1.5539340393769603,-1.9631267660430185,2658
1627832,Fred VanVleet,2023-24,TOR,HOU,0.020958461978741124,-0.03310799439517097,-0.054066456373912095,1.5948266289250879,8.214920714059515,6.620094085134427,2684
1627741,Buddy Hield,2023-24,IND,PHI,-0.01245234839962804,-0.02030409529450287,-0.007851746894874832,0.6865847382671987,-1.5289311934341496,-2.2155159317013484,2160
1629628,RJ Barrett,2023-24,NYK,TOR,-0.007094366627003167,0.04431441472100732,0.05140878134801049,-6.397973987512385,-0.8012180010077677,5.5967559865046175,1838
1629673,Jordan Poole,2023-24,GSW,WAS,-0.017815303579240112,0.022019708955051055,0.03983501253429117,-5.116703068901604,-5.066696709740799,0.05000635916080487,2346
1626220,Royce O'Neale,2023-24,BKN,PHX,0.05316935622867275,0.039364756086529146,-0.013804600142143603,1.1845870176055877,2.731664435839397,1.5470774182338092,1954
1628384,OG Anunoby,2023-24,TOR,NYK,0.01671005949706346,0.022458523455999177,0.005748463958935718,0.9910397828814458,11.181891633284604,10.190851850403158,1702
1629023,P.J. Washington,2023-24,CHA,DAL,0.012233004478729916,0.03881273392938121,0.026579729450651297,-5.050505395780409,-0.03710250487655009,5.013402890903858,2221
203493,Reggie Bullock Jr.,2023-24,DAL,HOU,0.030474414085650835,-0.03580977653355984,-0.06628419061921068,-4.4934139367324075,-5.045362305066918,-0.5519483683345108,418
1630193,Immanuel Quickley,2023-24,NYK,TOR,-0.017966143676474845,0.009628516215146366,0.02759465989162121,4.481610791236723,1.390325713846531,-3.091285077390192,1985
1630231,KJ Martin,2023-24,HOU,PHI,0.010994301833260816,0.018352914779542862,0.007358612946282046,-1.9008081403836499,-0.570896663003301,1.3299114773803489,747
1628971,Bruce Brown,2023-24,DEN,TOR,-0.012219217495887719,0.021292973557081585,0.033512191052969306,-2.7591115781906392,-2.0976011279628253,0.661510450227814,1865
1629622,Max Strus,2023-24,MIA,CLE,0.062235872920152716,0.01606530315777272,-0.046170569762379994,-5.6154958728715965,3.087262047806254,8.70275792067785,2239
1626179,Terry Rozier,2023-24,CHA,MIA,-0.0006213084088637237,-0.00046042514739761585,0.00016088326146610784,-0.44313571568582166,-4.955711643152847,-4.512575927467026,2040
1628415,Dillon Brooks,2023-24,MEM,HOU,0.028324618650604403,0.0578100772711437,0.029485458620539296,-2.365246454659169,-1.9364685253337972,0.42877792932537173,2227
201950,Jrue Holiday,2023-24,MIL,BOS,0.04945041052003468,0.03962342432526587,-0.009826986194768815,6.903923837620848,0.30894640375058346,-6.594977433870264,2263
201935,James Harden,2023-24,PHI,LAC,0.0036240260646012404,-0.0859701843121245,-0.08959421037672574,2.7012233673080877,0.9074616797529025,-1.7937616875551852,2470
1628381,John Collins,2023-24,ATL,UTA,0.01074047937326791,0.09404901310302383,0.08330853372975591,0.17989006294351623,-6.992411354359672,-7.1723014173031885,1901
1629656,Quentin Grimes,2023-24,NYK,DET,0.007884920048335938,-0.05498472734625656,-0.0628696473945925,1.2854384961315821,-6.556589663984498,-7.84202816011608,1025
204001,Kristaps Porzingis,2023-24,WAS,BOS,0.029010191308703387,-0.05149102580171623,-0.08050121711041962,3.4747649909005993,3.119502338968222,-0.35526265193237716,1690
203081,Damian Lillard,2023-24,POR,MIL,0.02141972364436168,0.052038749407664175,0.030619025763302495,5.110878231296105,6.07974114847775,0.968862917181645,2579
1627736,Malik Beasley,2023-24,LAL,MIL,0.015849330942164373,-0.012664854837314426,-0.0285141857794788,-4.298893551540351,2.65051953757425,6.949413089114601,2337
1629684,Grant Williams,2023-24,BOS,CHA,-0.0019087954156555159,-0.0021996604503121383,-0.00029086503465662237,-0.6645973466226432,-4.4142238666339235,-3.7496265200112804,2130
1629028,Deandre Ayton,2023-24,PHX,POR,0.0005598887725775383,0.05435125923881057,0.05379137046623303,-2.8781468305515387,-1.3653598509528764,1.5127869795986624,1784
203471,Dennis Schroder,2023-24,LAL,BKN,-0.025541728013750747,-0.0016208634504881018,0.023920864563262645,2.8074680960314264,-1.4211700817048478,-4.228638177736274,2486
1628960,Grayson Allen,2023-24,MIL,PHX,0.016124811975506186,0.033296153537542776,0.01717134156203659,-2.5644838884922,-0.5642043794757421,2.000279509016458,2513
201569,Eric Gordon,2023-24,LAC,PHX,0.0016652281890209995,0.047382412960628825,0.04571718477160783,-1.2062952850904094,1.7648747166459469,2.9711700017363563,1893
203935,Marcus Smart,2023-24,BOS,MEM,0.015083593303575596,-0.02303614026209853,-0.03811973356567413,0.4608802161299863,4.377491075145726,3.91661085901574,605
1628470,Torrey Craig,2023-24,PHX,CHI,0.029680255112483803,0.00029165144247072404,-0.02938860367001308,-5.074200529499123,-4.144008466596141,0.9301920629029823,1049
203482,Kelly Olynyk,2023-24,UTA,TOR,-0.0076912493036607275,0.012953780204835296,0.020645029508496025,0.3167647019017429,-2.2598578740295827,-2.5766225759313257,1759
1626145,Tyus Jones,2023-24,MEM,WAS,0.0008631434769256936,0.04334661125367734,0.042483467776751646,-1.8976822518666807,-7.0309502345032175,-5.133267982636537,1933
200782,P.J. Tucker,2023-24,PHI,LAC,0.07372973977574729,0.13223806301717203,0.05850832324142474,-3.142505003645164,-2.0608254352294852,1.0816795684156788,486
1629667,Jalen McDaniels,2023-24,PHI,TOR,0.02928632902266484,0.020910805496264718,-0.00837552352640012,1.8144510247880912,-3.6853411390237985,-5.49979216381189,538
1628978,Donte DiVincenzo,2023-24,GSW,NYK,0.04773472259651457,-0.02757737792974431,-0.07531210052625888,2.9369980300955945,-7.366736971073514,-10.303735001169109,2360
202711,Bojan Bogdanovic,2023-24,DET,NYK,0.040728417196565926,0.03895878546343492,-0.001769631733131008,0.3526958169467749,-6.868737768409831,-7.221433585356606,1478
101108,Chris Paul,2023-24,PHX,GSW,0.0019128490809302982,0.03680612613687718,0.03489327705594688,1.1468103079022223,2.817892565037602,1.6710822571353798,1531
1628972,Troy Brown Jr.,2023-24,LAL,DET,-0.007552008668371365,0.06525311179099266,0.07280512045936403,-1.7315056981068313,-4.717371764743297,-2.985866066636466,827
202694,Marcus Morris Sr.,2023-24,LAC,CLE,-0.014669165986497713,-0.015424627980781093,-0.0007554619942833803,-3.862633792242171,-4.4654125472991195,-0.6027787550569483,817
201976,Patrick Beverley,2023-24,CHI,MIL,0.03072983915186527,0.02164590677983285,-0.009083932372032418,-2.751306692801467,-3.177109793445485,-0.42580310064401816,1463
1628975,Jevon Carter,2023-24,MIL,CHI,-0.03648408625306372,0.05758125268844132,0.09406533894150504,2.2576432022179334,3.3805198352989425,1.1228766330810092,1004
1627763,Malcolm Brogdon,2023-24,BOS,POR,0.00824117136778287,0.006666135196575555,-0.001575036171207315,-1.0107912462921258,3.7397762627546407,4.750567509046767,1121
1626174,Christian Wood,2023-24,DAL,LAL,0.022182123866406875,-0.03822474679117334,-0.060406870657580214,-0.2541553954515763,2.6456118570309783,2.8997672524825546,872
200768,Kyle Lowry,2023-24,MIA,PHI,0.026551943938990765,-0.006855001278124176,-0.033406945217114944,1.3747697298481591,-1.9249108532086243,-3.2996805830567837,1690
201587,Nicolas Batum,2023-24,LAC,PHI,0.10200579272749917,-0.014107512281299854,-0.11611330500879902,7.3418920171940725,1.410911742752115,-5.930980274441957,1529
1628420,Monte Morris,2023-24,WAS,MIN,-0.006407782564086219,0.0349956963081978,0.041403478872284016,1.3783091725278789,2.911281101446753,1.5329719289188741,476
203078,Bradley Beal,2023-24,WAS,PHX,0.0013588176188737808,-0.02797253118523128,-0.02933134880410506,-0.03916481097392355,-1.667488326913041,-1.6283235159391174,1767
1629655,Daniel Gafford,2023-24,WAS,DAL,0.16204886301021543,0.06149205843200643,-0.100556804578209,-0.8883441666364098,3.808000053943445,4.696344220579855,1814
1629234,Drew Eubanks,2023-24,POR,PHX,0.06622822798965688,0.033869729246060326,-0.03235849874359656,-0.404531009996901,-4.2169449937698555,-3.8124139837729545,1169
202330,Gordon Hayward,2023-24,CHA,OKC,0.02272075411435466,-0.0040710920891831,-0.02679184620353776,2.7704144965069593,-2.731450209521145,-5.501864706028105,1245
1629003,Shake Milton,2023-24,PHI,NYK,0.02729470694376531,0.01321090563031463,-0.01408380131345068,3.423915097306103,-4.5413706495638255,-7.965285746869929,581
1626162,Kelly Oubre Jr.,2023-24,CHA,PHI,0.017585537362370323,-0.017104302938793996,-0.034689840301164315,-3.473645256024268,-4.1652285056132765,-0.6915832495890086,2055
1626224,Cedi Osman,2023-24,CLE,SAS,0.026877003978654276,0.005624996458002657,-0.02125200752065162,4.9613433721237925,-7.929186672049868,-12.89053004417366,1269
1626196,Josh Richardson,2023-24,NOP,MIA,0.0035220610531193535,-0.029562620241226443,-0.033084681294345795,0.09359616416357275,-6.118114111536988,-6.211710275700561,1103
1627777,Georges Niang,2023-24,PHI,CLE,0.024055101010841122,0.013380353362371953,-0.010674747648469169,-4.284468882069662,-1.562235918631945,2.722232963437717,1831
1629626,Bol Bol,2023-24,ORL,PHX,-0.08686889079686394,-0.019955412948533084,0.06691347784833085,-2.7121554789887163,0.3635991844361879,3.0757546634249042,469
1628966,Keita Bates-Diop,2023-24,SAS,BKN,-0.017558856063545358,0.001739690496336237,0.019298546559881596,0.28559291449236973,-4.073889049584043,-4.359481964076413,665
203994,Jusuf Nurkic,2023-24,POR,PHX,0.06053442992949856,0.010154609208555015,-0.05037982072094355,-0.11871087566601557,7.01660824721913,7.135319122885146,2078
1628372,Dennis Smith Jr.,2023-24,CHA,BKN,0.013282408841145876,-0.004382103314684954,-0.01766451215583083,3.571137275274206,1.6610099892512724,-1.9101272860229335,1059
203926,Doug McDermott,2023-24,SAS,IND,0.025233112795702853,0.04914654309602415,0.023913430300321295,-2.07660483444337,-4.716921132324492,-2.640316297881122,904
1629022,Lonnie Walker IV,2023-24,LAL,BKN,-0.011178625590064996,-0.009156969138988018,0.002021656451076978,-9.110755620610746,0.6957486219822775,9.806504242593023,1011
1631223,David Roddy,2023-24,MEM,PHX,0.016831385668985854,0.016340091700460548,-0.0004912939685253054,-2.7348092821264607,-2.768898956211754,-0.034089674085293176,1177
1626153,Delon Wright,2023-24,WAS,MIA,0.0028592489444296126,0.014738341458409437,0.011879092513979825,4.756765292352984,4.082127240242786,-0.6746380521101978,742
203552,Seth Curry,2023-24,BKN,CHA,-0.06165064965320845,-0.004385663165885455,0.05726498648732299,-4.291848859860644,6.137282572535071,10.429131432395714,615
1630534,Ochai Agbaji,2023-24,UTA,TOR,0.06820007224241563,0.048583179754027865,-0.019616892488387765,0.7557897417507038,2.085474405362523,1.3296846636118194,1642
1627752,Taurean Prince,2023-24,MIN,LAL,0.016903374930033674,0.013050070016856166,-0.0038533049131775077,-0.017836756597247594,-5.816928808304826,-5.799092051707578,2108
1629670,Jordan Nwora,2023-24,IND,TOR,-0.010711176555162912,0.010961609424664988,0.0216727859798279,-6.4288678574105855,-3.6560540411089826,2.772813816301603,711
1630544,Tre Mann,2023-24,OKC,CHA,-0.002115783429402661,0.010657016756648508,0.012772800186051168,1.0084422497736,0.419003177044518,-0.5894390727290821,987
1630570,Trendon Watford,2023-24,POR,BKN,0.039661377371314206,0.010198404871379546,-0.02946297249993466,-1.7666220986716143,-1.9952956838780618,-0.22867358520644743,857
1630214,Xavier Tillman,2023-24,MEM,BOS,0.032155781257952085,-0.012063819279642838,-0.044219600537594925,-3.822248391945486,0.6938680823643724,4.516116474309858,974
1630173,Precious Achiuwa,2023-24,TOR,NYK,-0.014969917670702883,0.00530169277878118,0.020271610449484063,-1.284106575676336,-1.5292393820073746,-0.24513280633103873,1624
202692,Alec Burks,2023-24,DET,NYK,0.05324311435819512,-0.0029477862530770667,-0.05619090061127219,4.773699711872195,-2.9505405070614805,-7.724240218933675,1211
1630205,Lamar Stevens,2023-24,CLE,MEM,0.018567177147950354,0.013620316402535424,-0.00494686074541493,-2.5629299765646394,2.125258196038167,4.688188172602807,559
1630692,Jordan Goodwin,2023-24,WAS,MEM,-0.013153157671093676,0.03166321210395727,0.04481636977505095,-0.8286197250450451,1.54778980370788,2.376409528752925,1056
201145,Jeff Green,2023-24,DEN,HOU,0.015889158764800473,0.006947548775700768,-0.008941609989099705,-4.772046226807902,-4.503876429809097,0.26816979699880505,1307
1629052,Oshae Brissett,2023-24,IND,BOS,-0.01749977829774884,0.010772806515865966,0.028272584813614804,4.480493951458479,1.1119412885055988,-3.3685526629528804,630
1628418,Thomas Bryant,2023-24,DEN,MIA,-0.017082733513034243,0.001793972725865096,0.018876706238899338,-1.390969141373457,1.1463430037593132,2.5373121451327703,441
1630167,Obi Toppin,2023-24,NYK,IND,0.032746418977527135,-0.0044288142859411385,-0.03717523326346828,0.9988307512815459,2.3580918831668014,1.3592611318852557,1730
204060,Joe Ingles,2023-24,MIL,ORL,0.06146435070407908,-0.055952830027656865,-0.11741718073173595,-2.1427718579704536,4.057782112478389,6.200553970448842,1169
1629629,Cam Reddish,2023-24,POR,LAL,0.008556635514507891,-0.012512556974492509,-0.0210691924890004,-5.927343964915588,-4.176588594228989,1.7507553706865986,984
1628963,Marvin Bagley III,2023-24,DET,WAS,0.058492818302174975,-0.0008261730964659533,-0.05931899139864093,-2.5246717303597013,1.6577114699887772,4.182383200348479,1053
1629111,Jock Landale,2023-24,PHX,HOU,-0.03279411947605208,0.039678391570378634,0.07247251104643071,4.812401820213676,6.887502337839985,2.075100517626309,764
1629642,Nassir Little,2023-24,POR,PHX,0.004521184133699644,0.016622240526846216,0.012101056393146572,-1.6930539239281566,-6.474031591705941,-4.780977667777785,458
1626166,Cameron Payne,2023-24,PHX,PHI,0.005864219864561718,0.005419916860325605,-0.0004443030042361124,2.1079162728688106,-0.014853830823718273,-2.122770103692529,1304
1628995,Kevin Knox II,2023-24,POR,DET,-0.0039155282136720355,0.0498125555694126,0.053728083783084635,-5.315530151967694,1.9279786967651666,7.243508848732861,560
203488,Mike Muscala,2023-24,BOS,OKC,-0.006371450499163952,0.00030347146260018416,0.0066749219617641365,3.277420904018627,-0.7138657243499935,-3.9912866283686204,600
1629139,Yuta Watanabe,2023-24,BKN,MEM,-0.015239969691089794,-0.045885603034564335,-0.03064563334347454,-0.5305568763951622,-2.450592631459232,-1.9200357550640696,464
1630537,Chris Duarte,2023-24,IND,SAC,0.00042543414896199306,-0.020043549261167224,-0.02046898341012922,-3.4865800921352426,-2.670993860536372,0.8155862315988704,719
1627884,Derrick Jones Jr.,2023-24,CHI,DAL,0.037610387987081426,0.08152058279392431,0.043910194806842884,4.7214376381719285,-3.340369775258175,-8.061807413430103,1783
202687,Bismack Biyombo,2023-24,PHX,OKC,0.08871477940698307,0.017428473832557852,-0.07128630557442521,1.1811955456935535,1.876489124120966,0.6952935784274126,792
1628988,Aaron Holiday,2023-24,ATL,HOU,0.011010876019651658,0.05370112517583794,0.04269024915618628,1.3189512906588843,4.6766831145041525,3.3577318238452682,1269
202083,Wesley Matthews,2023-24,MIL,ATL,0.03532196566972767,0.05256828335946421,0.017246317689736536,0.788200322331079,-3.3145176869538604,-4.102718009284939,413
1629013,Landry Shamet,2023-24,PHX,WAS,0.06663360812449697,0.01516853491191365,-0.05146507321258331,0.022950314471671174,-0.2602505562105051,-0.28320087068217625,726
203967,Dario Saric,2023-24,OKC,GSW,0.01263945214119641,-0.02416588153664641,-0.03680533367784282,-0.4381868621310214,-2.5912739596863537,-2.153087097555332,1098
201152,Thaddeus Young,2023-24,TOR,PHX,0.009456359866916845,0.027695066280678034,0.01823870641376119,-3.913474086126601,1.839092148098238,5.7525662342248385,440
203496,Robert Covington,2023-24,LAC,PHI,0.10072186425800213,-0.024623887920303088,-0.1253457521783052,2.8806799510649412,5.28456618435318,2.4038862332882385,488
1628964,Mo Bamba,2023-24,LAL,PHI,-0.017760346776707764,-0.027809845989610612,-0.010049499212902848,5.506479110705769,0.34541628857148554,-5.161062822134284,740
1631323,Simone Fontecchio,2023-24,UTA,DET,-0.005887920052588624,0.07092447967951072,0.07681239973209934,-9.970953033451984,3.508975318154543,13.479928351606528,1644
203200,Justin Holiday,2023-24,DAL,DEN,0.03094125200831265,0.04320382646209833,0.012262574453785681,-6.450585285072511,3.00395359842785,9.45453888350036,862
1630197,Aleksej Pokusevski,2023-24,OKC,CHA,-0.048594581796549186,0.0018383893487284358,0.05043297114527762,-10.38267204567737,-1.42898946743552,8.953682578241851,405
1630201,Malachi Flynn,2023-24,TOR,DET,-0.0021277429324944915,0.07640435770560837,0.07853210063810286,-3.7106346476747727,-4.97598566895821,-1.2653510212834376,877
1629002,Chimezie Metu,2023-24,SAC,DET,-0.008113489568394913,0.006541999483927526,0.014655489052322439,5.477592976843218,-0.4287652983878656,-5.906358275231084,859
1629637,Jaxson Hayes,2023-24,NOP,LAL,0.0667934818718304,0.05783086964301604,-0.008962612228814358,-3.7392875846608575,-2.6040569795916495,1.135230605069208,877
201988,Patty Mills,2023-24,BKN,MIA,-0.015515903028131488,0.06259540712050524,0.07811131014863673,-1.440793057094718,-0.9614327233738569,0.4793603337208612,415
202722,Davis Bertans,2023-24,DAL,CHA,0.01800005045316072,-0.05587185451361593,-0.07387190496677665,-2.1332357445404124,-0.5330361185604247,1.6001996259799878,674
1629004,Svi Mykhailiuk,2023-24,CHA,BOS,-0.017182732628414493,0.013651601011797566,0.03083433364021206,4.9324849055588915,6.737342372222667,1.8048574666637753,413
203095,Evan Fournier,2023-24,NYK,DET,-0.0016401300907564638,0.03052253763681998,0.03216266772757644,-4.561311059700087,-2.654092216856474,1.9072188428436134,580
201942,DeMar DeRozan,2024-25,CHI,SAC,0.07820962088000175,0.13869353479215013,0.060483913912148385,-0.7322731441727148,0.307231180065195,1.0395043242379098,2768
1628969,Mikal Bridges,2024-25,BKN,NYK,-0.03309144172838107,0.013301063364065975,0.046392505092447044,-0.9908547728303054,5.552318832845689,6.543173605675994,3036
1627749,Dejounte Murray,2024-25,ATL,NOP,0.04723254937968067,0.006559389430467629,-0.04067315994921304,-5.245684504713736,-3.2186896389782698,2.0269948657354666,1012
203076,Anthony Davis,2024-25,LAL,DAL,-0.0036496322896467943,0.059201178241424096,0.06285081053107089,3.8801385871677496,0.7375169232783902,-3.1426216638893596,1706
1628368,De'Aaron Fox,2024-25,SAC,SAS,0.05130354937162417,-0.061185785871550435,-0.11248933524317462,4.359444787591231,-1.1362219392108923,-5.495666726802123,2241
1629029,Luka Dončić,2024-25,DAL,LAL,0.15953663380072156,0.06200261030714446,-0.0975340234935771,5.187675813211057,4.982086023193386,-0.20558979001767153,1769
202331,Paul George,2024-25,LAC,PHI,-0.02287191869290378,-0.014185508100133408,0.008686410592770373,9.486811491870743,1.1987905681883728,-8.28802092368237,1334
1626156,D'Angelo Russell,2024-25,LAL,BKN,-0.034025570297656106,-0.007233384682793514,0.02679218561486259,2.2680293706369143,4.36656922356653,2.0985398529296155,1481
203484,Kentavious Caldwell-Pope,2024-25,DEN,ORL,0.030225741828187352,0.011370140635267754,-0.018855601192919597,7.091506810642944,-0.940790316255234,-8.032297126898177,2279
203992,Bogdan Bogdanović,2024-25,ATL,LAC,0.010266424659335003,-0.0055048892371694635,-0.015771313896504466,6.479647454646191,0.16072573724960726,-6.3189217173965835,1348
203084,Harrison Barnes,2024-25,SAC,SAS,0.022543965237196,0.006274002067190421,-0.01626996317000558,-7.409252606361555,1.0216917003660457,8.4309443067276,2228
202699,Tobias Harris,2024-25,PHI,DET,0.009110771187396512,0.01958914059465444,0.01047836940725793,0.881638110030623,5.5877765424873065,4.706138432456683,2306
1628978,Donte DiVincenzo,2024-25,NYK,MIN,-0.009501385379195206,0.07103495404519285,0.08053633942438805,-7.366736971073514,0.7301617186777353,8.09689868975125,1606
1627736,Malik Beasley,2024-25,MIL,DET,-0.0020219711300931012,0.03136836505614048,0.033390336186233584,2.65051953757425,2.86628517567053,0.21576563809628002,2283
202691,Klay Thompson,2024-25,GSW,DAL,0.04693484569798855,0.009555670839670833,-0.03737917485831772,-4.918883811159337,-3.1873385041757345,1.7315453069836027,1965
1628398,Kyle Kuzma,2024-25,WAS,MIL,0.004420429333506506,0.002763167935314323,-0.0016572613981921834,-1.5486495501997823,-6.132258092997544,-4.583608542797762,1936
1630166,Deni Avdija,2024-25,WAS,POR,0.013635505072453757,-0.020876741042705715,-0.034512246115159476,4.214327934230486,2.674916403272409,-1.539411530958077,2161
1627741,Buddy Hield,2024-25,PHI,GSW,-0.036472288654739574,0.053190459148961595,0.08966274780370118,-1.5289311934341496,-1.2628850162399576,0.266046177194192,1864
203915,Spencer Dinwiddie,2024-25,LAL,DAL,0.003972127256023972,0.002185894074817436,-0.0017862331812065358,4.643207094836721,-4.079151269385787,-8.722358364222508,2136
1630200,Tre Jones,2024-25,SAS,CHI,0.07584868412715629,0.03585066848111638,-0.03999801564603991,7.609786230559155,-0.7252451916466374,-8.335031422205791,905
203501,Tim Hardaway Jr.,2024-25,DAL,DET,0.011772806435729873,0.030831690698190053,0.01905888426246018,-4.22631376964167,-4.662879996312823,-0.43656622667115297,2153
1627752,Taurean Prince,2024-25,LAL,MIL,0.03149961095072354,0.005054923942826477,-0.026444687007897063,-5.816928808304826,-5.467593934376309,0.3493348739285169,2166
203994,Jusuf Nurkić,2024-25,PHX,CHA,0.04233668556082114,0.08451927527941473,0.042182589718593594,7.01660824721913,-2.608506975886067,-9.625115223105198,1063
202710,Jimmy Butler III,2024-25,MIA,GSW,-0.01641249542617142,-0.00422718631334977,0.01218530911282165,5.616206892490685,1.3136437436586668,-4.302563148832018,1746
1627936,Alex Caruso,2024-25,CHI,OKC,0.02805015886748661,0.011877420534418615,-0.016172738333067996,2.5302239401674345,3.497107368912703,0.9668834287452683,1041
1626157,Karl-Anthony Towns,2024-25,MIN,NYK,0.014788331785659047,0.13343267431406072,0.11864434252840167,2.9486911173041683,2.504990515884448,-0.44370060141972045,2517
1630581,Josh Giddey,2024-25,OKC,CHI,0.028512950036970325,-0.03873411734553666,-0.06724706738250699,1.5962666833337833,0.3944748203480968,-1.2017918629856865,2117
1629018,Gary Trent Jr.,2024-25,TOR,MIL,0.005689340316974699,-0.018287486528653103,-0.023976826845627804,0.19465845959212702,-1.4158773360820218,-1.6105357956741488,1893
1627747,Caris LeVert,2024-25,CLE,ATL,0.007359510736814831,-0.0013307017829373958,-0.008690212519752227,1.856902390561201,2.8365823309571283,0.9796799403959273,1596
1627827,Dorian Finney-Smith,2024-25,BKN,LAL,-0.03100004708486093,0.10975945633681003,0.14075950342167096,1.8408962157643904,9.325519010616842,7.484622794852452,1821
1626145,Tyus Jones,2024-25,WAS,PHX,0.030910302463870686,-0.054322724478413895,-0.08523302694228457,-7.0309502345032175,-0.9185960761808311,6.112354158322386,2174
202685,Jonas Valančiūnas,2024-25,NOP,SAC,0.1252952036254712,0.02560030740944055,-0.09969489621603064,0.8569888565955441,-4.651496044822768,-5.508484901418312,1524
203952,Andrew Wiggins,2024-25,GSW,MIA,-0.014777371183657578,-0.037040349523585016,-0.022262978339927436,-4.796005774273069,-5.143049304410176,-0.34704353013710687,1842
1628392,Isaiah Hartenstein,2024-25,NYK,OKC,0.025569279060733953,0.1059997896942492,0.08043051063351525,5.993245501798685,3.3174853718431843,-2.675760129955501,1590
201569,Eric Gordon,2024-25,PHX,PHI,0.050390902965730906,7.216317982629798e-05,-0.050318739785904606,1.7648747166459469,-0.6443144075517844,-2.4091891241977312,768
1629611,Terance Mann,2024-25,LAC,ATL,0.031163717442185452,-0.0042932270621993,-0.03545694450438475,-4.34974125371967,-3.489850828433377,0.8598904252862929,1414
1628971,Bruce Brown,2024-25,TOR,NOP,0.0077228983892080865,0.01531415438176031,0.007591255992552224,-2.0976011279628253,-4.989897494521603,-2.892296366558778,921
1627777,Georges Niang,2024-25,CLE,ATL,0.006462940982865185,0.033125387997725055,0.02666244701485987,-1.562235918631945,-0.18819408695696227,1.3740418316749827,1697
1627884,Derrick Jones Jr.,2024-25,DAL,LAC,0.03744625654907629,0.029187248834441737,-0.008259007714634552,-3.340369775258175,2.087611612430092,5.427981387688266,1873
203937,Kyle Anderson,2024-25,MIN,MIA,-0.021206904038259047,-0.01501164151909304,0.006195262519166007,-0.5383571402458653,-0.28482372332139483,0.2535334169244705,1002
1630208,Nick Richards,2024-25,CHA,PHX,0.05675551181025658,-0.0010969428031250901,-0.05785245461338167,-2.323466573736722,-2.670868743326967,-0.34740216959024517,1256
203482,Kelly Olynyk,2024-25,TOR,NOP,0.014583611365803904,0.004567629956769418,-0.010015981409034487,-2.2598578740295827,4.637146609119247,6.89700448314883,891
1628997,Caleb Martin,2024-25,MIA,DAL,0.003455973208545985,0.01577069486148232,0.012314721652936336,0.5596847034809491,-3.066953069611326,-3.626637773092275,1218
1629631,De'Andre Hunter,2024-25,ATL,CLE,0.006879255583006839,0.00017222494321164118,-0.006707030639795198,0.8614319700029183,-1.1562418441166762,-2.0176738141195942,1740
203944,Julius Randle,2024-25,NYK,MIN,0.07566557906695062,-0.018227295404389166,-0.09389287447133979,-0.5286503627144341,-0.9310445364380566,-0.4023941737236225,2226
1630194,Paul Reed,2024-25,PHI,DET,0.03962892427172218,0.0027386047683671992,-0.03689031950335498,5.811173360753633,2.7902588251883462,-3.020914535565287,436
1628989,Kevin Huerter,2024-25,SAC,CHI,-0.008834464932068655,0.0014123302801605797,0.010246795212229235,1.9012925265959641,4.3101611484938775,2.4088686218979136,1679
101108,Chris Paul,2024-25,GSW,SAS,0.0065528852155210884,-0.00923005461985166,-0.015782939835372746,2.817892565037602,1.3735115041433392,-1.4443810608942629,2292
201566,Russell Westbrook,2024-25,LAC,DEN,-0.04206363198678167,-0.05450769629444911,-0.012444064307667445,-1.4812041258864035,-5.859488059991614,-4.378283934105211,2092
201587,Nicolas Batum,2024-25,PHI,LAC,-0.02629837225175266,0.05197171955752538,0.07827009180927805,1.410911742752115,5.463765206698621,4.052853463946507,1367
1628380,Zach Collins,2024-25,SAS,CHI,-0.06964923122238471,-0.027416991349564584,0.042232239872820126,-6.227497087347065,1.7703437172888858,7.997840804635951,976
1630182,Josh Green,2024-25,DAL,CHA,0.049254089350270015,-0.008262291853743454,-0.05751638120401347,-5.364321237940276,-4.661609369686964,0.7027118682533118,1887
203114,Khris Middleton,2024-25,MIL,WAS,-0.03900277454500696,0.017804069255423844,0.0568068438004308,-2.9777981128407855,0.5993697920798218,3.577167904920607,843
1630700,Dyson Daniels,2024-25,NOP,ATL,0.01929010417963437,0.02392671492133058,0.004636610741696211,1.5493591733948153,-0.8766801586219017,-2.426039332016717,2571
203083,Andre Drummond,2024-25,CHI,PHI,0.03052263387744299,0.10148949523492051,0.07096686135747753,1.0137441650783838,-8.449464766595819,-9.463208931674203,751
1626166,Cameron Payne,2024-25,PHI,NYK,0.015020382715231543,-0.006529268763991812,-0.021549651479223355,-0.014853830823718273,4.816609839179329,4.831463670003048,1090
1630230,Naji Marshall,2024-25,NOP,DAL,0.015665470017660697,0.02324788743311074,0.0075824174154500434,5.474855241289678,-1.205302406679882,-6.68015764796956,1919
1627739,Kris Dunn,2024-25,UTA,LAC,0.08174490323425891,0.0041886544159562816,-0.07755624881830263,3.287970845698511,0.3736247978053209,-2.91434604789319,1783
1626204,Larry Nance Jr.,2024-25,NOP,ATL,-0.0003232149978463172,0.03368016644049318,0.034003381438339496,-0.6300735149692038,-6.017011540232083,-5.38693802526288,463
202692,Alec Burks,2024-25,NYK,MIA,0.002637561142041281,0.001088480537209873,-0.0015490806048314083,-2.9505405070614805,5.554007858225463,8.504548365286944,863
1631223,David Roddy,2024-25,PHX,HOU,0.002596019356901471,0.030330461485201802,0.02773444212830033,-2.768898956211754,-3.1829173571634675,-0.4140184009517136,410
203995,Vasilije Micić,2024-25,CHA,PHX,0.0031338361695285254,-0.0548570145826151,-0.05799085075214362,2.293789043012262,-0.6823667834610347,-2.976155826473297,785
1629234,Drew Eubanks,2024-25,PHX,LAC,0.03348727009439978,0.0014895371979988616,-0.03199773289640092,-4.2169449937698555,-1.7338168647353807,2.483128129034475,746
1627763,Malcolm Brogdon,2024-25,POR,WAS,0.0077155048412895656,-0.016041214229670895,-0.023756719070960462,3.7397762627546407,0.49907365918766694,-3.240702603566974,564
1630558,Davion Mitchell,2024-25,SAC,MIA,0.009963583543385545,-0.00654983103019355,-0.016513414573579095,-1.8088960368952507,1.099568842678355,2.9084648795736054,2027
1630692,Jordan Goodwin,2024-25,MEM,LAL,0.014185651759232538,-0.045389955990653194,-0.05957560774988573,1.54778980370788,-2.2866526034790247,-3.8344424071869048,543
1630188,Jalen Smith,2024-25,IND,CHI,0.050235866811846046,-0.03907575833876295,-0.089311625150609,-1.4330555594006218,3.1167144882626285,4.54977004766325,962
1630533,Ziaire Williams,2024-25,MEM,BKN,-0.046527653478326034,0.01411041185063487,0.060638065328960905,-1.9474119918517325,-1.273142123176637,0.6742698686750954,1541
1629656,Quentin Grimes,2024-25,DET,PHI,-0.00860378022731858,0.016054365353496497,0.024658145580815076,-6.556589663984498,-4.105728278805148,2.4508613851793504,2013
1628464,Daniel Theis,2024-25,LAC,NOP,0.03198094781976094,0.03036042413043485,-0.0016205236893260914,1.8205517583972601,0.14153924794166417,-1.679012510455596,621
1629022,Lonnie Walker IV,2024-25,BKN,PHI,-0.01687084952938618,-0.02001201769706437,-0.0031411681676781905,0.6957486219822775,-2.6244319585346583,-3.3201805805169355,477
1629659,Talen Horton-Tucker,2024-25,UTA,CHI,0.02839437976675937,0.0019185597805151896,-0.026475819986244178,-1.0467742860833678,2.252361505189157,3.2991357912725245,724
1629006,Josh Okogie,2024-25,PHX,CHA,0.05922366849591795,-0.007858437789997392,-0.06708210628591535,-0.1262188400009159,3.8763034879512466,4.002522327952162,625
1631108,Max Christie,2024-25,LAL,DAL,-0.00850004335470987,0.005423036991798713,0.013923080346508583,0.23958655527927952,1.250905004815454,1.0113184495361744,2127
203897,Zach LaVine,2024-25,CHI,SAC,-0.022063840186853752,-0.012307944485592354,0.009755895701261398,-3.0531098041625566,-0.560914981191972,2.4921948229705846,2603
1631222,Jake LaRavia,2024-25,MEM,SAC,-0.0410719234955633,0.09575928674241015,0.13683121023797346,0.2705439839366268,2.342244008405412,2.071700024468785,1349
202687,Bismack Biyombo,2024-25,OKC,SAS,-0.005208250735697332,0.14710313126445707,0.1523113820001544,1.876489124120966,-3.928969418070233,-5.805458542191199,528
1628998,Cody Martin,2024-25,CHA,PHX,0.0005377596049057509,0.05197580492604294,0.05143804532113719,0.8793588795402034,2.6424963562754926,1.7631374767352892,1173
1630231,KJ Martin,2024-25,PHI,UTA,0.03753889641043565,0.045162156631227426,0.0076232602207917735,-0.570896663003301,0.10188211832166805,0.672778781324969,912
1626153,Delon Wright,2024-25,MIA,NYK,0.002218190983641575,0.001088664301789839,-0.001129526681851736,4.082127240242786,-3.3249975439874113,-7.407124784230198,634
1628964,Mo Bamba,2024-25,PHI,NOP,-0.030389169742456763,0.013843891764811872,0.044233061507268634,0.34541628857148554,-2.448849344289532,-2.7942656328610176,413
1629013,Landry Shamet,2024-25,WAS,NYK,-0.004862101666351501,-0.019856589839395616,-0.014994488173044116,-0.2602505562105051,2.473736386358517,2.7339869425690217,762
203486,Mason Plumlee,2024-25,LAC,PHX,-0.07540682548538968,0.002086402358996312,0.07749322784438599,-0.1308751805696171,4.230555475088725,4.361430655658342,1300
203935,Marcus Smart,2024-25,MEM,WAS,-0.0027367719647255024,-0.0038249753946968273,-0.0010882034299713249,4.377491075145726,2.8674240053093087,-1.5100670698364174,680
1630579,Jericho Sims,2024-25,NYK,MIL,-0.11685181360495253,0.3209081381150538,0.43775995172000637,0.8685721802135866,1.1621827960330309,0.29361061581944425,631
1629003,Shake Milton,2024-25,NYK,LAL,0.007791395774056256,-0.0580022162357946,-0.06579361200985086,-4.5413706495638255,-0.32812759846996076,4.2132430510938645,836
1630215,Jared Butler,2024-25,WAS,PHI,0.004589694782960727,0.03979716375267257,0.03520746896971184,1.5548675887309806,-0.03955911755621777,-1.5944267062871984,1044
1628420,Monté Morris,2024-25,MIN,PHX,0.0015230364252496998,-0.06003670494891478,-0.061559741374164485,2.911281101446753,3.240977642482418,0.3296965410356649,571
1628418,Thomas Bryant,2024-25,MIA,IND,0.0056886346221356725,0.03606812086115153,0.030379486239015853,1.1463430037593132,-1.7478118424833373,-2.8941548462426505,963
1629004,Svi Mykhailiuk,2024-25,BOS,UTA,0.01654268424617946,-0.03922844965335245,-0.05577113389953191,6.737342372222667,0.41303189230238047,-6.324310479920286,760
201935,James Harden,2025-26,LAC,CLE,0.004485941291579426,-0.021858429278452596,-0.02634437057003202,-3.1493404986640976,0.8113390457460303,3.960679544410128,2438
1630224,Jalen Green,2025-26,HOU,PHX,0.01448378798716326,0.003288942035490585,-0.011194845951672677,-6.488629171734869,-2.7636015366334767,3.7250276351013927,828
1627826,Ivica Zubac,2025-26,LAC,IND,-0.02941114745180589,0.09872989533674702,0.1281410427885529,7.959549063912965,-3.0902289238476843,-11.049777987760649,1447
1629008,Michael Porter Jr.,2025-26,DEN,BKN,-0.004310685201118897,-0.02230270619807903,-0.017992020996960133,-3.1716683742564484,5.345031274543324,8.516699648799772,1689
201572,Brook Lopez,2025-26,MIL,LAC,0.022740069013035616,0.0016266297299863304,-0.021113439283049287,3.213409669564002,-2.018504191258463,-5.2319138608224645,1635
1629632,Coby White,2025-26,CHI,CHA,0.02668911452682947,-0.02490790590976151,-0.05159702043659098,-0.9520440743676399,4.710580309541202,5.662624383908842,1250
1628415,Dillon Brooks,2025-26,HOU,PHX,0.03758326924861609,-0.015372073785570888,-0.052955343034186975,-0.7861010363545453,-2.439940112178893,-1.6538390758243475,1702
1629636,Darius Garland,2025-26,CLE,LAC,-0.0022338145387714747,0.02635348120265084,0.028587295741422315,-1.2929392014424614,-0.7228653563955985,0.570073845046863,1344
1629014,Anfernee Simons,2025-26,POR,CHI,0.024874906185851607,-0.011253517515208797,-0.036128423701060404,-3.6373309088736727,-1.1387786227401249,2.498552286133548,1372
203484,Kentavious Caldwell-Pope,2025-26,ORL,MEM,0.00024190303595215666,-0.05321906389856174,-0.0534609669345139,-0.940790316255234,0.4558466807585822,1.3966369970138162,1088
202696,Nikola Vučević,2025-26,CHI,BOS,0.02246715560818987,0.0778427166988032,0.05537556109061333,1.0837830683449539,1.4086110031434858,0.3248279347985319,1818
201142,Kevin Durant,2025-26,PHX,HOU,-0.02379863089094319,-0.010410627136458215,0.013388003754484974,4.547836712054193,-0.022565371722321315,-4.570402083776514,2840
1628991,Jaren Jackson Jr.,2025-26,MEM,UTA,0.04384095674884729,-0.01301289404621845,-0.05685385079506574,4.261491743282183,-2.877660322980881,-7.139152066263064,1455
1630217,Desmond Bane,2025-26,MEM,ORL,0.016593770260168776,-0.012229213287302839,-0.028822983547471613,-3.316199245794274,2.3294889048151606,5.645688150609434,2756
1626145,Tyus Jones,2025-26,PHX,DEN,-0.024904355437820894,0.013393527449355397,0.03829788288717629,-0.9185960761808311,-4.844153286074926,-3.925557209894095,979
1626167,Myles Turner,2025-26,IND,MIL,0.04545184293478964,-0.0025558323250963336,-0.048007675259885974,0.1598397569238892,-4.513547952542202,-4.673387709466091,1912
203501,Tim Hardaway Jr.,2025-26,DET,DEN,0.016605843438334773,0.012900616287846629,-0.0037052271504881447,-4.662879996312823,2.6385700799120433,7.3014500762248655,2127
1631097,Bennedict Mathurin,2025-26,IND,LAC,0.02724757770846226,0.043218500874764684,0.015970923166302425,1.478891180395885,-1.3184030292872078,-2.797294209683093,1620
203471,Dennis Schröder,2025-26,BKN,CLE,-0.006436303161431034,-0.029581487507150558,-0.02314518434571952,0.8801797020984562,-4.017161786206671,-4.897341488305127,1696
201566,Russell Westbrook,2025-26,DEN,SAC,-0.031724818237394786,-0.07127826972353836,-0.03955345148614357,-5.859488059991614,-2.405432365005706,3.4540556949859083,1853
1629638,Nickeil Alexander-Walker,2025-26,MIN,ATL,0.012069723417871474,0.003562939956005214,-0.008506783461866261,2.823113715764598,2.7609969175562012,-0.06211679820839677,2603
1629673,Jordan Poole,2025-26,WAS,NOP,-0.006150670272655919,-0.014017204051650356,-0.007866533778994437,-3.556150226799314,-3.8916430634384254,-0.3354928366391112,933
1626181,Norman Powell,2025-26,LAC,MIA,0.009402819571804822,0.015302995727730175,0.0059001761559253525,3.220336811566967,-2.9843452254941525,-6.2046820370611195,1717
1631165,Keon Ellis,2025-26,SAC,CLE,0.08788042544850479,0.03146523157723832,-0.056415193871266464,4.116612073240924,-2.6785271271006352,-6.795139200341559,1479
201950,Jrue Holiday,2025-26,BOS,POR,0.025034669155048775,0.039819256211756034,0.014784587056707259,1.3223481197651448,7.200891817811565,5.878543698046419,1560
1627824,Guerschon Yabusele,2025-26,PHI,CHI,0.030706921936395397,0.011844910926806796,-0.0188620110095886,2.9937427477998955,-3.3432115423953457,-6.336954290195241,1007
1627741,Buddy Hield,2025-26,GSW,ATL,0.03878572713805596,-0.005587371581385854,-0.04437309871944182,-1.2628850162399576,-2.5558934784797165,-1.2930084622397588,819
203468,CJ McCollum,2025-26,NOP,ATL,0.005199898995451306,0.04414716728497252,0.03894726828952121,-0.7325497048033389,5.952003377166345,6.684553081969684,2263
1627827,Dorian Finney-Smith,2025-26,LAL,HOU,0.09510850379543015,0.04282358783208045,-0.0522849159633497,9.325519010616842,-3.063410294549657,-12.3889293051665,620
1629661,Cameron Johnson,2025-26,BKN,DEN,-0.015063737265567154,-0.0034934829967627956,0.01157025426880436,-0.051344779103661864,2.70589269379215,2.757237472895812,1647
1629130,Duncan Robinson,2025-26,MIA,DET,0.03293935021208895,0.025957809883131816,-0.006981540328957134,0.21633662353264294,1.7317642124166723,1.5154275888840294,2113
1629012,Collin Sexton,2025-26,UTA,CHI,0.11476268165279757,0.05477329097643243,-0.05998939067636514,-0.1707790960287372,-1.076442451375557,-0.9056633553468199,1613
1629599,Amir Coffey,2025-26,LAC,PHX,-0.0004933265184266031,-0.01776023284958999,-0.017266906331163387,-6.781982790798978,-0.1261531102718548,6.655829680527122,491
1629631,De'Andre Hunter,2025-26,CLE,SAC,-0.003245634172796261,0.027510797066993154,0.030756431239789415,-1.1562418441166762,-5.210910266104765,-4.054668421988088,1175
1630534,Ochai Agbaji,2025-26,TOR,BKN,-0.009815283623086304,-0.019370692748232953,-0.009555409125146649,-1.2909246361426807,-0.8902699416205533,0.40065469452212743,973
1628989,Kevin Huerter,2025-26,CHI,DET,-0.023711618141759625,0.0029068218564662182,0.026618439998225843,4.3101611484938775,2.5625453820640423,-1.7476157664298353,1549
201143,Al Horford,2025-26,BOS,GSW,0.06408312078603247,-0.018384715421190512,-0.08246783620722298,4.898922544001945,-2.3465536834914325,-7.245476227493377,969
1630557,Corey Kispert,2025-26,WAS,ATL,-0.011937269476315647,-0.005242530472531217,0.00669473900378443,1.5119275507696806,-4.2190767171723484,-5.731004267942029,1080
1627747,Caris LeVert,2025-26,ATL,DET,9.299786831276717e-05,0.01566736798939598,0.015574370121083213,2.8365823309571283,-5.344901138877562,-8.18148346983469,1154
1629216,Gabe Vincent,2025-26,LAL,ATL,0.0033167669963553594,-0.010841526199248335,-0.014158293195603695,-1.0610641630784836,1.2754475364307232,2.336511699509207,879
202685,Jonas Valančiūnas,2025-26,SAC,DEN,0.023304514955470486,0.025954767110787178,0.0026502521553166923,-4.651496044822768,-0.6852748833558555,3.966221161466912,871
1626156,D'Angelo Russell,2025-26,BKN,DAL,-0.001529288038964332,-0.010007013938220868,-0.008477725899256536,4.36656922356653,-2.024111166847862,-6.390680390414392,495
1628379,Luke Kennard,2025-26,MEM,LAL,-0.03924070641349358,0.013992235379269712,0.05323294179276329,-0.7964100804006176,-0.466920904513775,0.32948917588684257,1680
1629611,Terance Mann,2025-26,ATL,BKN,-0.002580811507293887,0.007645550074043417,0.010226361581337304,-3.489850828433377,-0.08118894689228795,3.4086618815410894,1529
1630245,Ayo Dosunmu,2025-26,CHI,MIN,0.04867620754694237,0.0031742514192184845,-0.04550195612772389,-6.371343233492052,0.636642926414307,7.007986159906359,1881
1631110,Jeremy Sochan,2025-26,SAS,NYK,0.0029418791031269125,0.022787519361186497,0.019845640258059585,0.5059698716224821,-6.061692563916425,-6.5676624355389075,469
1630631,Jose Alvarado,2025-26,NOP,NYK,0.025508992724212805,-0.0026871045883981206,-0.028196097312610927,-0.3131930555840924,1.3278800476386656,1.641073103222758,1370
1628436,Luke Kornet,2025-26,BOS,SAS,0.06941756932156737,0.11512445106149696,0.045706881739929595,9.299657653741832,-0.9534818310534867,-10.25313948479532,1430
1631222,Jake LaRavia,2025-26,SAC,LAL,0.07548584194137886,8.20542425797745e-05,-0.07540378769879909,2.342244008405412,-1.6075720899316226,-3.9498160983370347,2061
1631213,Tyrese Martin,2025-26,BKN,PHI,-0.008089848639723013,0.024369373811240144,0.03245922245096316,-3.0205917392721657,-1.4471207755784468,1.573470963693719,777
1629750,Javonte Green,2025-26,CLE,DET,0.029420672971473265,0.0005417552284279138,-0.02887891774304535,2.0930959391399,2.304162556576783,0.21106661743688315,1446
1630208,Nick Richards,2025-26,PHX,CHI,-0.0046202448410530865,0.02895460877375479,0.03357485361480787,-2.670868743326967,-2.8076496464546854,-0.1367809031277183,701
1631323,Simone Fontecchio,2025-26,DET,MIA,0.020503580852692847,0.006616818599949479,-0.013886762252743368,-0.46412394534901147,0.038818579810787845,0.5029425251597993,1172
1630175,Cole Anthony,2025-26,ORL,MIL,-0.004079935477521842,-0.00905733529126471,-0.004977399813742868,-1.3664656096858554,0.37751702164559964,1.743982631331455,527
1628381,John Collins,2025-26,UTA,LAC,0.04591124953172705,0.0759289994847769,0.030017749953049844,9.060342436221438,-3.77271307870861,-12.833055514930049,1871
204001,Kristaps Porziņģis,2025-26,BOS,GSW,-0.021849428896250408,-0.04057291656950566,-0.01872348767325525,-0.7781081285801583,4.2755080781952115,5.05361620677537,769
1629028,Deandre Ayton,2025-26,POR,LAL,0.029723851891020156,-0.024629316298220464,-0.05435316818924062,-3.7624257872437075,-6.456636312358439,-2.6942105251147317,1958
203991,Clint Capela,2025-26,ATL,HOU,-0.03618614878327479,-0.024000592458467595,0.012185556324807192,-1.9329273853270292,4.28318719727637,6.216114582603399,926
1631109,Mark Williams,2025-26,CHA,PHX,0.05673007448805912,-0.002178262975708311,-0.05890833746376743,-5.421592883294576,0.955550464330299,6.377143347624875,1416
1630173,Precious Achiuwa,2025-26,NYK,SAC,0.019252253707272397,0.02923538826802547,0.009983134560753074,-5.779756773766978,3.411602993189776,9.191359766956754,1745
1630249,Vít Krejčí,2025-26,ATL,POR,-0.0070277075082713835,-0.017540485682740057,-0.010512778174468673,-1.0983764181484963,-1.4365146113490148,-0.3381381932005185,1392
1630228,Jonathan Kuminga,2025-26,GSW,ATL,-0.012464095935076375,0.035002088700955176,0.047466184636031555,-2.911561219797537,4.831306639179884,7.742867858977421,830
1641763,Julian Phillips,2025-26,CHI,MIN,0.03942403584078408,0.011837533887352822,-0.027586501953431257,4.041433707500481,3.9926435644529317,-0.04879014304754925,427
203994,Jusuf Nurkić,2025-26,CHA,UTA,0.03315251703461061,-0.09524574771463624,-0.12839826474924687,-2.608506975886067,-3.027685643481333,-0.41917866759526623,1083
1630171,Isaac Okoro,2025-26,CLE,CHI,0.0064144561140211,0.025071015336018587,0.018656559221997486,6.010348942168534,-7.680023330256942,-13.690372272425476,1695
203937,Kyle Anderson,2025-26,MIA,MIN,-0.005418375730978267,0.0002506945037146585,0.005669070234692926,-0.28482372332139483,-1.7897944148446299,-1.504970691523235,853
1631207,Dalen Terry,2025-26,CHI,PHI,-0.018652913714972193,0.04314383465556143,0.06179674837053362,-5.218276443247098,3.0810849181592506,8.299361361406348,551
1631218,Trayce Jackson-Davis,2025-26,GSW,TOR,0.149538707027721,-0.055135024008943434,-0.20467373103666445,-3.4096746309751764,-1.9503615208033795,1.4593131101717969,496
1628418,Thomas Bryant,2025-26,IND,CLE,0.03800700704506153,0.03529077005881641,-0.002716236986245124,-1.7478118424833373,1.1914572305550994,2.939269073038437,732
203903,Jordan Clarkson,2025-26,UTA,NYK,0.051933759544018646,0.01682627704100364,-0.03510748250301501,-3.099915901319182,-1.7859306998408138,1.3139852014783684,1279
1628971,Bruce Brown,2025-26,NOP,DEN,0.012255192918377148,0.01701163437080211,0.0047564414524249605,-4.989897494521603,-6.416009907884801,-1.4261124133631977,1998
1630570,Trendon Watford,2025-26,BKN,PHI,-0.020508848927822836,-0.005939149029922071,0.014569699897900764,3.0049185395849958,-6.38872719734686,-9.393645736931855,864
1630702,Jaden Hardy,2025-26,DAL,WAS,-0.012134979199561115,-0.01827842371571639,-0.006143444516155276,-2.8439188770316224,2.199106004548952,5.043024881580575,898
1631093,Jaden Ivey,2025-26,DET,CHI,0.009162149894784212,0.03112405934001174,0.02196190944522753,-4.2276411963976175,1.2355424510655468,5.463183647463165,670
203114,Khris Middleton,2025-26,WAS,DAL,0.006003092948715174,0.004131543946565935,-0.0018715490021492392,0.5993697920798218,-5.404292762458458,-6.00366255453828,1439
1630560,Cam Thomas,2025-26,BKN,MIL,-0.018305065615460706,-0.07443874144592297,-0.05613367583046226,-4.367322086162756,-3.967773184823561,0.39954890133919463,881
1628366,Lonzo Ball,2025-26,CHI,CLE,-0.07773460460681603,-0.01681701452875264,0.06091759007806338,9.091705025688617,-1.1544714074117026,-10.24617643310032,728
1631133,Jabari Walker,2025-26,POR,PHI,0.01539424313274805,0.01859493475539054,0.003200691622642488,4.426732776497606,0.16200055312248995,-4.264732223375116,762
1630643,Jay Huff,2025-26,MEM,IND,0.04557362487449179,0.022838306305025903,-0.02273531856946589,1.2370249636502595,2.3937359560243254,1.156710992374066,1719
1629234,Drew Eubanks,2025-26,LAC,SAC,0.005150577987915148,0.07330723766249718,0.06815665967458204,-1.7338168647353807,-4.546584430446202,-2.8127675657108218,552
203914,Gary Harris,2025-26,ORL,MIL,0.014761147456407659,0.0058289218221149975,-0.008932225634292662,5.379072233657142,-2.7843778038270366,-8.163450037484179,661
1630695,Micah Potter,2025-26,UTA,IND,-0.07677664584257572,-0.023451252002981742,0.053325393839593976,2.3875072860464157,2.315118293659595,-0.07238899238682084,908
1630572,Sandro Mamukelashvili,2025-26,SAS,TOR,0.022370978928166994,0.037642094988854014,0.01527111606068702,-0.43822451034837706,3.2531860214580632,3.69141053180644,1751
203935,Marcus Smart,2025-26,WAS,LAL,-0.009396018987427378,0.031603839402208546,0.04099985838963592,2.8674240053093087,8.282607269897525,5.415183264588217,1769
1642358,AJ Johnson,2025-26,WAS,DAL,0.04292878770747054,-0.008930779237946614,-0.05185956694541716,-0.5042625291266037,3.8672128116253965,4.371475340752,453
1628467,Maxi Kleber,2025-26,DAL,LAL,0.03247478784379965,0.06302647185451239,0.03055168401071274,1.1170629312210931,3.9681214400448677,2.8510585088237743,461
1629006,Josh Okogie,2025-26,CHA,HOU,0.0014506697207448806,0.052526437508029315,0.05107576778728443,3.8763034879512466,2.3175484260783463,-1.5587550618729002,1354
1627742,Brandon Ingram,2025-26,NOP,TOR,0.020880465834099967,0.03601974593550175,0.015139280101401784,-2.83394909602465,-5.3732241159951295,-2.5392750199704794,2604
1642272,Jared McCain,2025-26,PHI,OKC,-0.04148834297846428,0.05270934147230954,0.09419768445077381,0.23532082565972562,2.897646338775029,2.662325513115303,1160
1641765,Olivier-Maxence Prosper,2025-26,DAL,MEM,-0.011076746669184618,-0.009495947334801871,0.0015807993343827462,-0.2057656846124405,-4.311746267412824,-4.105980582800383,984
1629723,John Konchar,2025-26,MEM,UTA,-0.03564817357837925,-0.12839731979524752,-0.09274914621686826,6.4139413983243045,-1.9733922303705533,-8.387333628694858,1115
1630692,Jordan Goodwin,2025-26,LAL,PHX,-0.050556454338665624,0.04230359025027755,0.09286004458894317,-2.2866526034790247,0.7924622437625171,3.0791148472415415,1572
1642265,Rob Dillingham,2025-26,MIN,CHI,-0.013294129487461082,-0.03230483091273751,-0.01901070142527643,-1.9671540588311989,-1.7904944941312684,0.1766595646999305,970
1631288,Jamal Cain,2025-26,NOP,ORL,-0.002209921096581975,-0.009706010913907437,-0.007496089817325462,-4.574431219421113,4.362575619924048,8.93700683934516,486
1629111,Jock Landale,2025-26,HOU,ATL,0.05145785720002398,0.008297348831552418,-0.04316050836847156,-0.2960048011166068,-2.4454498644834572,-2.1494450633668505,1506
1631246,Vince Williams Jr.,2025-26,MEM,UTA,-0.032501191487009064,-0.10446017904582995,-0.07195898755882088,1.0593623951120845,0.9522401390186941,-0.10712225609339043,819
1626204,Larry Nance Jr.,2025-26,ATL,CLE,0.027389664126452502,0.05084801734747072,0.02345835322101822,-6.017011540232083,-3.926347967324409,2.0906635729076744,449
1641712,Rayan Rupert,2025-26,POR,MEM,0.02695054525786671,-0.009612408192181284,-0.036562953450047994,-7.097631542560485,-5.186479342518589,1.9111522000418963,1073
1631172,Ousmane Dieng,2025-26,OKC,MIL,-0.03203839707752272,0.01774326029348806,0.049781657371010785,-1.5318913807431187,-6.480267222286542,-4.948375841543423,1099
