season,team,wins82,prior_wins82,talent_mw,star,depth,continuity,redundancy,eff_roles,coverage,scarcity,n_known
2001-02,ATL,33.0,25.0,-0.1868602156891036,3.942936882848581,-3.067138169275152,0.6249339362264372,-3.641975008206086,3.0188999697665437,0.9285714285714286,2.645454404880631,10
2001-02,BOS,49.0,36.0,0.33509598518727934,3.9711638639890836,1.2342193196132678,0.6919461653492843,-3.2643104838691785,3.1155046579625076,0.9285714285714286,2.8705539696068882,10
2001-02,CHH,44.0,46.0,0.25425332285438645,3.2847192389757547,-1.246979631837545,0.7917197776984654,-3.496504657045631,2.8010339395334083,0.7142857142857143,2.592844635730812,10
2001-02,CHI,21.0,15.0,0.23375903228404557,4.744407748415865,-3.4667324450505146,0.2847750685924315,-4.479915697478692,3.859331923602172,0.6428571428571429,3.0250449399733816,8
2001-02,CLE,29.0,30.0,0.25205452313139465,5.039018810553377,-0.4423314862062502,0.45201606903734565,-3.5730623653393203,3.196878370821901,0.7857142857142857,2.7260301462418894,10
2001-02,DAL,57.0,53.0,1.1297797461711823,6.637445797166149,5.126065128544824,0.6132576546552801,-3.2274917849637736,2.535869774011214,0.7857142857142857,2.925261488742866,10
2001-02,DEN,27.0,40.0,1.0195995554155797,8.124966393225979,0.9977710888995444,0.3940982543371345,-4.20260630711371,2.722074137293899,0.5714285714285714,2.905626115549944,8
2001-02,DET,50.0,32.0,0.4252189237412821,7.431558896366478,-1.6690410498204338,0.6624592405595877,-3.953410967962094,2.890089032916101,0.7857142857142857,2.8752778590946217,9
2001-02,GSW,21.0,17.0,0.26636625032292854,3.720762449555461,-2.9423964237360236,0.6437680398845448,-4.486539141961253,3.135041863281971,0.6428571428571429,3.0370115975464893,8
2001-02,HOU,28.0,45.0,0.36809583396915985,5.226001997802047,-1.9776101295719082,0.6142628122252676,-3.658898046187136,3.374531508826678,0.8571428571428571,2.6555515339116456,8
2001-02,IND,42.0,41.0,-0.26281318638428225,4.172580458110824,-5.855520822148783,0.5810144778724715,-3.2325195796920614,2.8775330692488104,0.7142857142857143,2.7035808167771522,10
2001-02,LAC,39.0,31.0,-0.15176819971602123,4.945907706089097,-6.4381035531376885,0.8290541911913943,-4.097909146121878,3.417566815565866,0.7142857142857143,3.000179787229341,9
2001-02,LAL,58.0,56.0,1.0809898932644029,7.559885129549567,3.7585249472125715,0.6429613971513413,-3.9245839540124545,2.3143705024658665,0.7142857142857143,3.3546348122191314,10
2001-02,MEM,23.0,,-0.13362509942333256,1.6369195524958,-2.239333059421316,0.0,-4.148759206911919,2.4927269875607116,0.7142857142857143,2.5835622004066074,7
2001-02,MIA,36.0,50.0,-0.14681689573958562,2.834052267351845,-2.6540330685603535,0.37927597061909757,-2.6922183340168795,2.821085156247353,0.6428571428571429,2.624053766736944,10
2001-02,MIL,41.0,52.0,0.7336968575682897,5.868253491783761,2.295797660179127,0.7501584283903675,-4.464349122184013,2.7391311485493963,0.7857142857142857,3.2087421819836264,9
2001-02,MIN,50.0,47.0,0.6471989206053658,4.85740427262352,0.6953171801421081,0.8085324232081911,-3.604272328004454,3.760956738534095,0.8571428571428571,2.6894202585371665,10
2001-02,NJN,52.0,26.0,0.6686385377173407,6.013424076363856,-0.04120009420310411,0.43812848434325014,-4.557442973033458,2.7357783422297905,0.7857142857142857,2.438505287032961,7
2001-02,NYK,30.0,48.0,0.2854120855740288,7.106306296160365,-1.5599479747247713,0.7876419407167085,-3.0000110696476336,2.3934417179130674,0.7142857142857143,2.726068221055901,10
2001-02,ORL,44.0,43.0,0.6882481713999017,5.918872017730038,0.8750832962293011,0.7083440971325239,-4.179427234054349,3.546705448411831,0.6428571428571429,2.8224725259832084,10
2001-02,PHI,43.0,56.0,0.486351068320064,2.68749751989966,0.8650288343634955,0.4634856951807804,-4.677591926902208,2.9288396689618885,0.7142857142857143,3.185179971936874,9
2001-02,PHX,36.0,51.0,1.1709559235335736,7.690913800768666,-2.1460035608503074,0.2563758389261745,-4.805271223096,3.3175551468427544,0.7142857142857143,3.268198251472001,9
2001-02,POR,49.0,50.0,0.9150952253276173,5.79425569202025,4.746931973135954,0.6412780058360947,-3.517142367276219,3.674197605945706,0.8571428571428571,2.8435894791127274,10
2001-02,SAC,61.0,55.0,1.2724042836123386,5.489556783938873,5.328377767031662,0.8321290453897822,-3.5930258915230726,2.8235856033313533,0.8571428571428571,2.700117247878251,9
2001-02,SAS,58.0,58.0,1.317069042648148,6.330028720825986,4.2086052468789426,0.6353971232020013,-3.656085658061815,2.2931623935026826,0.6428571428571429,3.1663597531621956,8
2001-02,SEA,45.0,44.0,1.3888408341443192,7.8582242860507066,-0.4612447063272065,0.6571859400998337,-4.503740459832892,2.676070586017427,0.7142857142857143,3.105389925970608,6
2001-02,TOR,42.0,47.0,0.6853493615610984,6.805830671544542,1.8077916978448583,0.8285728832544168,-3.236165494174025,2.8749047746988214,0.9285714285714286,2.490009728798749,10
2001-02,UTA,44.0,53.0,0.9809770790803289,7.227580788579772,-2.4980933766922924,0.7386089871163717,-5.331562888316311,3.772080442603456,0.6428571428571429,3.117829123663892,8
2001-02,WAS,37.0,19.0,0.020125426771231438,5.823002071493993,-2.081536084927479,0.7117560534057479,-3.7324409862707464,2.6488765523451447,0.7857142857142857,2.8740701714623187,10
2002-03,ATL,35.0,33.0,0.07059345793584614,1.3162774044669319,-2.4231013551380847,0.5646780254285273,-3.654235456040875,2.7526946564944343,0.5714285714285714,2.9142851486570525,9
2002-03,BOS,44.0,49.0,0.32298093696765173,3.8784849430059283,-1.2068899498263503,0.6381141439205955,-3.624534664914653,3.312770836592618,0.8571428571428571,2.9949748424584723,10
2002-03,CHI,30.0,21.0,-0.013839876379606066,4.058078054015579,-1.3736616689812338,0.739919115023195,-2.8982107024153283,2.771276875238415,0.6428571428571429,2.6971526685458524,10
2002-03,CLE,17.0,29.0,-0.5941269730185906,1.4642774985283287,-4.91255010385857,0.36029486527707166,-4.684877504931442,3.172356880914075,0.6428571428571429,2.659497594197291,6
2002-03,DAL,60.0,57.0,1.3733921583461315,6.661369311375195,6.893512014605789,0.8158164215229938,-3.8879613265796724,3.0768384324757996,0.5714285714285714,3.021584046695954,10
2002-03,DEN,17.0,27.0,0.5583289875933226,5.108957864230315,-0.9969706894324344,0.30963797650443536,-4.085246355975917,2.1729274874610027,0.5714285714285714,2.5737464284348266,5
2002-03,DET,50.0,50.0,0.6042133532940502,6.906814599097576,-3.032715251980993,0.772845680941961,-3.8488184831506564,2.9296597684199615,0.5,2.8941346969401027,9
2002-03,GSW,38.0,21.0,-0.1981667213174259,2.5918864752284976,-3.742556483204414,0.6850637616810367,-3.2430048683505537,3.0124017373787177,0.6428571428571429,2.749013813427926,8
2002-03,HOU,43.0,28.0,0.4484183291655728,3.139397759857807,-1.616053766771712,0.674839433173616,-4.398932862305439,2.7843742336484736,0.7142857142857143,2.8295996027073813,9
2002-03,IND,48.0,42.0,0.3841976986041915,4.474913171842932,-0.44406417215838045,0.8595647300579115,-4.0750351291080165,3.428470437841816,0.7142857142857143,2.909646099931206,10
2002-03,LAC,27.0,39.0,0.2368121718312343,6.278008916088139,-3.675913929217443,0.6802146424396982,-3.441167381614404,3.1373189610668586,0.5,2.9587047166900247,9
2002-03,LAL,50.0,58.0,1.2032244375817585,7.626338010538443,5.110644212168339,0.8816010592249325,-3.767709409186536,2.5287581604957325,0.7857142857142857,3.0021420781647046,10
2002-03,MEM,28.0,23.0,0.5584366393706847,4.976667399521313,-0.061964830047611996,0.6850040972411909,-2.8505463396479143,2.779717546680268,0.7142857142857143,2.7780221674903522,9
2002-03,MIA,25.0,36.0,0.25878643749703456,3.588978818942129,-3.379390283571177,0.5385301837270341,-4.035553998795013,3.03813926480226,0.8571428571428571,2.576409990265696,7
2002-03,MIL,42.0,41.0,0.8657159601844707,7.923932962117189,1.5671472931123644,0.5808805643395768,-3.0893266124439176,2.405835693928207,0.6428571428571429,2.9107295022936817,10
2002-03,MIN,51.0,50.0,0.15261443338071298,3.1760423379239993,-1.8230000626805585,0.7337173698687011,-3.501538162717717,3.2801816294875725,0.6428571428571429,2.748525722418359,10
2002-03,NJN,49.0,52.0,0.6230412305988542,5.4729259251836275,1.1922748200225135,0.7863303147908581,-2.741894752250471,2.7760449112219336,0.8571428571428571,2.4441209100738837,10
2002-03,NOH,47.0,,0.4077343200051787,3.1428717230422647,-0.5011563372558769,0.0,-4.162266322458112,3.1826102148657545,0.7142857142857143,2.875479351848446,10
2002-03,NYK,37.0,30.0,-0.34328266732705887,3.635150933037706,-4.438343275876427,0.8036451879388682,-3.071598999474815,2.859264003934142,0.7857142857142857,2.5870856984067547,10
2002-03,ORL,42.0,44.0,1.277716398323521,7.727821962816818,-0.20995172171096366,0.4983057808809939,-3.7243269441425464,3.258133414195367,0.5714285714285714,2.9804224507314183,9
2002-03,PHI,48.0,43.0,0.2601423605654052,5.94705048778526,-1.3679474714501223,0.442495126705653,-3.744492774619772,2.609822275511375,0.6428571428571429,2.944750031286535,10
2002-03,PHX,44.0,36.0,0.5944867132106871,5.555046340730568,-0.21582366791814162,0.8480635551142006,-3.725744606180869,2.9667172682192193,0.8571428571428571,2.82273435138255,10
2002-03,POR,50.0,49.0,1.0609215825759597,5.0710728430069,4.65564868799487,0.8648561958729819,-3.4400456221521694,3.3494664125269775,0.7142857142857143,2.5695006618737057,9
2002-03,SAC,59.0,61.0,0.8221552350119438,5.878688444498106,3.8258112200192556,0.8431443485451444,-2.623330712136393,2.91115295224841,0.6428571428571429,2.596840759300288,10
2002-03,SAS,60.0,58.0,0.8570191911404991,5.91212046031273,3.5626394381881497,0.7571247625079164,-3.818990566443811,2.7226830920553993,0.5714285714285714,3.090803615205892,10
2002-03,SEA,40.0,45.0,0.8934197491588507,8.12174429752095,-4.244299523939862,0.47363703469366236,-4.012688647011325,3.1802743040271855,0.6428571428571429,2.899537268223461,9
2002-03,TOR,24.0,42.0,1.0010510498713732,6.8911468561479925,3.7744694144227076,0.6249410284635949,-3.5215718510452714,3.4086463970107177,0.7142857142857143,2.495501193799997,9
2002-03,UTA,47.0,44.0,0.8982693720839322,8.896533340931562,-1.0224258202783936,0.5864851235501765,-3.1912941273670135,3.410632740414941,0.6428571428571429,2.94048210680442,10
2002-03,WAS,37.0,37.0,-0.18336754694338175,2.4618816536826267,-3.025330857925467,0.3971119133574007,-3.921308349811074,3.2875485460405827,0.7142857142857143,3.1996826859268834,10
2003-04,ATL,28.0,35.0,0.5707832558119306,2.8338464073014076,-1.0606085208691514,0.16200882538348393,-3.9439849809701975,2.8295968064772876,0.5714285714285714,2.903062958902339,6
2003-04,BOS,36.0,44.0,0.1967768463044235,4.378559302119,-4.861812686130909,0.3244343891402715,-4.472631542904596,2.7237391790207433,0.5714285714285714,3.1462015549436946,6
2003-04,CHI,23.0,30.0,0.023917584698061847,3.6722513703246626,-4.265902116741852,0.38637875454126797,-3.2272823618401314,2.6425861992747866,0.7142857142857143,2.6715895173635307,9
2003-04,CLE,35.0,17.0,-0.08923711556373169,3.4581619758222617,-2.197312773542242,0.37770262778578556,-3.8015837875664302,3.657770779705639,0.9285714285714286,3.0446559571043723,10
2003-04,DAL,52.0,60.0,1.10939523336164,6.158206291213135,5.2214413337928764,0.5924741889838059,-3.4525560999191853,3.6328575512685704,0.7142857142857143,2.9531343962821603,10
2003-04,DEN,43.0,17.0,0.6788692523915171,6.9552463356323315,-1.5660050989596783,0.30942171746436437,-3.3606932740297624,3.0040093190951977,0.7142857142857143,2.7085882597722075,9
2003-04,DET,54.0,50.0,0.5464658298980959,5.221010102694168,1.054812198072508,0.579420990384121,-3.648254124592052,2.5225358878922526,0.7857142857142857,2.731446929059798,10
2003-04,GSW,37.0,38.0,0.25651519858762956,5.3200126329030715,0.772599574962624,0.5460435475305364,-3.1704059923945223,2.675535958510616,0.7857142857142857,2.533222586587001,10
2003-04,HOU,45.0,43.0,0.1740540708309414,5.698662482449933,-0.6631518618191824,0.56885,-3.8355983225535715,3.272661640679862,0.9285714285714286,2.7468843079339242,10
2003-04,IND,61.0,48.0,0.5649513707684479,3.8097645369584576,0.9410642798553177,0.6900446680700313,-4.222234183878856,3.3054804707559122,0.6428571428571429,3.01379060527261,9
2003-04,LAC,28.0,27.0,0.13960387713544803,4.162602103412247,-3.534086684734027,0.47886610984560873,-3.091569396743858,2.815342684465049,0.6428571428571429,2.7766878388732983,9
2003-04,LAL,56.0,50.0,1.270009235202333,7.39743989155771,3.9773577551278967,0.7273621028666045,-4.25067912732408,2.6973355338800555,0.7142857142857143,3.258484522887558,10
2003-04,MEM,50.0,28.0,0.9129734401278383,7.112985766118946,2.84580660163396,0.763745659947142,-3.483064152411737,3.149604139836145,0.7857142857142857,2.6911281467086297,10
2003-04,MIA,42.0,25.0,-0.6158722070990968,3.9906515815464667,-7.311264082520843,0.5717737789203085,-3.336391435073215,2.6183029066174943,0.6428571428571429,2.7154536733538777,8
2003-04,MIL,41.0,42.0,0.9392415518962347,8.101610993792402,1.517337274220277,0.3595939376608522,-3.5140435166922064,3.1289178160141202,0.6428571428571429,2.707839192337708,10
2003-04,MIN,58.0,51.0,0.03734344710166582,4.237747517839491,-0.6046552940960729,0.46205690178525494,-3.416368180716896,3.102856927969108,0.6428571428571429,2.982504614314286,10
2003-04,NJN,47.0,49.0,0.5419485804477765,5.6190400681885855,-1.465975985108687,0.9296373056994819,-3.3967593139613608,3.2748580541476704,0.7857142857142857,2.521464057243978,9
2003-04,NOH,41.0,47.0,0.7691427834149519,5.363949943340992,2.366727444397904,0.7765801325843834,-3.108681983349499,2.8158412333406515,0.7142857142857143,2.6172126926314885,10
2003-04,NYK,39.0,37.0,-0.09163981249791343,2.4837490567684473,-2.5165166274041235,0.47974303181017514,-3.489233136244391,3.047572713836757,0.7142857142857143,2.734907295966355,10
2003-04,ORL,21.0,42.0,0.15962001558190994,4.654330230926233,-4.69641431723247,0.31876991406778027,-3.846897444925224,2.9054908697736237,0.5714285714285714,3.1847927049615694,8
2003-04,PHI,33.0,48.0,0.3511468786570038,5.367383565229133,-1.978488314919856,0.6971550497866288,-2.739319510799246,2.6267087582366835,0.7857142857142857,2.6243639951535713,9
2003-04,PHX,29.0,44.0,0.59784655596329,4.415644046171838,-0.17796820813077718,0.5272867025365103,-4.122196011111065,2.6720617165263634,0.6428571428571429,2.8307766154529777,9
2003-04,POR,41.0,50.0,0.2304604809410279,4.829193647049853,-1.8263338441228296,0.46728588289628986,-4.411225992369169,2.932148834065,0.7142857142857143,2.650132476179241,9
2003-04,SAC,55.0,59.0,1.232440300371667,5.384743523328968,3.5714266678842757,0.7112463587182688,-3.2942387139423293,3.1487483217098644,0.5714285714285714,2.857946447730335,9
2003-04,SAS,57.0,60.0,0.8467318488182838,7.92979867192987,2.3160108373561816,0.6033590420133956,-4.479434698661704,3.2872731771913704,0.5,3.198287455519973,10
2003-04,SEA,37.0,40.0,1.6108769638330582,7.934552404764836,0.5991020610847442,0.7448705553765174,-3.681408873032196,2.8655015945007847,0.7142857142857143,2.91298271200786,10
2003-04,TOR,33.0,24.0,0.2799584004710972,4.249683617789955,-0.547796987856514,0.37609251758686846,-3.363235934532787,3.3180820200754533,0.8571428571428571,2.811948604952181,10
2003-04,UTA,42.0,47.0,0.6803565221491419,4.492188333448253,-2.661173001434049,0.3650818074575576,-4.167723092869636,2.8103069620705816,0.7142857142857143,2.8873550252783393,7
2003-04,WAS,25.0,37.0,-0.1504178137906521,2.0947989277520613,-3.6530899894146405,0.6336104198655159,-3.3650805361755145,2.201128356053264,0.7142857142857143,2.618655159374177,9
2004-05,ATL,13.0,28.0,-0.08670069223369978,2.011289363757404,-2.9091079200854075,0.1746257007024764,-3.5358010387989904,2.9985566620901714,0.7142857142857143,2.727204313737627,7
2004-05,BOS,45.0,36.0,0.3143602177639987,5.676541092623614,-2.123031723570436,0.559870743821435,-3.486456332216568,2.5766225568081262,0.5714285714285714,2.8764013956823624,7
2004-05,CHA,18.0,,-0.028314839618589396,3.681598241768498,-4.52580354236842,0.0,-3.294280017992409,3.054212989881077,0.5714285714285714,2.9014325886972148,8
2004-05,CHI,47.0,23.0,-0.5189214006976549,3.408362976283355,-5.882051136535139,0.46396420390987053,-4.336350347980285,2.787724706303034,0.7142857142857143,2.591712539112404,7
2004-05,CLE,42.0,35.0,-0.008218058054090982,1.6820892196460306,-1.4023315477187204,0.4591135925688028,-3.1483422684531646,3.248723182760301,0.7142857142857143,2.617882587086254,10
2004-05,DAL,58.0,52.0,1.3012547255126516,8.173419091370537,6.431741502754167,0.45268822562160543,-3.892917533363393,2.6646583109895934,0.6428571428571429,2.9090883258334665,10
2004-05,DEN,49.0,43.0,0.431432223956613,4.330979007699341,2.951253649196932,0.6748112630075495,-3.438616368707281,3.541852663174176,0.7857142857142857,2.756572576403721,10
2004-05,DET,54.0,54.0,0.5618985626291519,4.878684657806595,-1.718263534024729,0.680971122386078,-3.942153002381176,3.0597039709853244,0.9285714285714286,2.5659269397987394,9
2004-05,GSW,34.0,37.0,0.5996379831682904,6.411975681900117,-0.09597512432216626,0.4620706819313091,-4.14995472279876,3.6039110320075016,0.5,2.867187559984937,10
2004-05,HOU,51.0,45.0,0.6222193470874308,8.215716374039584,1.9862308492420477,0.2137155297532656,-4.217532309665854,2.8745382805652926,0.7857142857142857,2.986907376073444,10
2004-05,IND,44.0,61.0,1.03243843802375,5.883162881797731,5.742222887226797,0.6852726046584012,-4.675926695300355,3.5172062612423587,0.5714285714285714,3.24798119076545,10
2004-05,LAC,37.0,28.0,-0.1881704460514272,4.208753343563804,-2.8402050263653402,0.5963994460686259,-3.6323802972102324,2.814658320500417,0.7142857142857143,2.744420224480962,9
2004-05,LAL,34.0,56.0,-0.15815688924829913,4.156242394140543,-1.2923317793496727,0.25795251467960173,-3.2722733950299046,3.0193161288727,0.7142857142857143,2.6580087737227944,10
2004-05,MEM,45.0,50.0,1.29643722817285,9.291126965439672,4.429720592805052,0.8906050874241729,-3.556465846614031,3.0258689377913517,0.7857142857142857,2.8904713944223612,10
2004-05,MIA,59.0,42.0,0.6803998145145517,6.368036210680348,-0.8289698135172626,0.3638367089935985,-4.178273617498108,2.96457093696221,0.7857142857142857,2.9186088083284987,10
2004-05,MIL,30.0,41.0,0.5533276653211616,6.022867898170235,-1.9374404503319516,0.5491605533947123,-2.927064905518147,2.7670119824613213,0.8571428571428571,2.5317772187126635,10
2004-05,MIN,44.0,58.0,0.3992150648890528,5.1324764072907,0.1523645358011898,0.9197835679764657,-4.662435018453744,3.549022598982824,0.6428571428571429,3.5943804039602347,10
2004-05,NJN,42.0,47.0,0.42616260889595237,4.183272130488976,-1.688449192262889,0.48481179257699397,-3.8645690479640553,3.1964762169563716,0.6428571428571429,2.727821906497957,9
2004-05,NOH,18.0,41.0,0.6161203940712359,5.62984447704217,2.5227114678603546,0.41106639839034204,-2.954440181502087,3.009589272927738,0.7142857142857143,2.7611319430473533,10
2004-05,NYK,33.0,39.0,-0.08331976803061705,3.771637882705379,-0.9777915679455724,0.5816940797269754,-3.4603097389868713,2.8720491377894466,0.7857142857142857,2.724677144453136,10
2004-05,ORL,36.0,21.0,0.14157805585153047,3.381985654426675,-3.010518969786565,0.1394897551509617,-3.210211678829962,3.1550137976240973,0.7857142857142857,2.408393668959844,8
2004-05,PHI,43.0,33.0,0.7973226053219773,5.6432563088761825,-1.2677471653942032,0.5128179299924452,-3.963960145177721,2.506839091330686,0.7142857142857143,2.9497453961580304,9
2004-05,PHX,62.0,29.0,1.1035715122093004,7.3125153121147655,2.621514583050252,0.5557088460901716,-4.223799890817435,3.4885872259998694,0.6428571428571429,3.0433046622680697,9
2004-05,POR,27.0,41.0,0.15457812137466054,8.113537759421213,-0.9258600672299335,0.8591103292284493,-3.1721815141717626,3.2987405231649385,0.6428571428571429,2.738708409077938,10
2004-05,SAC,50.0,55.0,0.6424882879979923,5.824468139954276,1.35222008865124,0.5260737799143066,-2.4644217707656337,2.248016349279656,0.7857142857142857,2.623766268747486,10
2004-05,SAS,59.0,57.0,1.0742149704785882,8.539484253819484,2.048077134330929,0.7118525548174417,-3.621474377829324,2.8292369893474585,0.7142857142857143,3.1264584135711004,10
2004-05,SEA,52.0,37.0,1.3058694545611464,6.452299460364573,3.5699390112012974,0.7243851941625006,-3.655226542432119,2.8478523517874916,0.7857142857142857,2.7943617687058246,9
2004-05,TOR,33.0,33.0,0.640842465939908,5.963152286529622,-4.011314515456917,0.5417065718064487,-4.147643197255147,3.1908061161419314,0.8571428571428571,2.7822480897212287,9
2004-05,UTA,26.0,42.0,0.43638696738101446,4.900658418574534,-2.133525042495713,0.6007133864876206,-2.895150963478361,3.0420237002704487,0.6428571428571429,2.678503671790413,9
2004-05,WAS,45.0,25.0,-0.3613561577509617,2.543850635123122,-3.134206439322393,0.8435083435083435,-3.1392859673954367,2.5925686030113995,0.7857142857142857,2.68726165742225,10
2005-06,ATL,26.0,13.0,0.2945187605080782,2.568492913957053,-1.9920638995079594,0.5814478294435537,-3.009870825193669,2.2671917697210078,0.6428571428571429,2.597697439949272,7
2005-06,BOS,33.0,45.0,0.8405000765384733,7.4047935645895695,-2.052001638018868,0.4253649270145971,-4.374471710627276,3.4692095974843555,0.7142857142857143,3.084441763153999,9
2005-06,CHA,26.0,18.0,-0.3323246895082629,3.733103015756762,-5.35209638928931,0.6601196027870742,-4.577276645889834,2.7955693768864958,0.5714285714285714,2.9899547396742343,8
2005-06,CHI,41.0,47.0,0.08808277669749374,3.6888805351826472,-2.100533806472412,0.7142857142857143,-2.8294771093300217,2.441529997228115,0.6428571428571429,2.660219413666755,10
2005-06,CLE,50.0,42.0,0.8942948668449926,8.228579222968499,1.9321702673034387,0.5519528371407516,-3.7230678010714073,3.4237454290239517,0.5,3.1591570526778927,10
2005-06,DAL,60.0,58.0,1.1418119759621406,6.330898316258228,6.065247764947824,0.7845019881679759,-3.651005024059521,3.234532932982518,0.5714285714285714,2.893023104855341,10
2005-06,DEN,44.0,49.0,0.3653936828104209,4.674161042056323,2.511570122597401,0.8004141204989647,-3.8012300376310963,3.562850478060379,0.7857142857142857,2.9989036266819267,10
2005-06,DET,64.0,54.0,0.7276734402382334,4.468392404463021,0.7930331360670115,0.8442283081648323,-3.706694700976771,2.5460076882775367,0.7142857142857143,2.5077926951473577,8
2005-06,GSW,34.0,34.0,0.7536390337534423,5.019135626950261,0.4922661147123133,0.9591812161348585,-3.834950862562498,3.076617528328214,0.7857142857142857,2.6684898149868093,9
2005-06,HOU,34.0,51.0,0.5302469477883377,5.837992214148702,-2.052568443703355,0.6372533204280261,-4.7297181936733175,3.0064040303123685,0.7142857142857143,2.9174225218486005,9
2005-06,IND,41.0,44.0,0.8258890270540825,5.576044007141288,3.0668748276411244,0.7044264147067886,-4.063489037357696,3.5699287863622593,0.7857142857142857,2.884272931024454,10
2005-06,LAC,47.0,37.0,-0.20676010740926395,4.102251110196282,-7.648733490557129,0.5177220821592763,-3.9449503668175714,3.371730592940327,0.5,2.7749823836177487,9
2005-06,LAL,45.0,34.0,0.20344082013572343,5.2090394873665655,0.0022615938866012986,0.4743709710958619,-3.9453043903536993,3.066270901020965,0.7142857142857143,2.9057853156006974,10
2005-06,MEM,49.0,45.0,1.2771464141596935,7.339403039832986,6.214383888648755,0.580289455547898,-3.3344485015733243,2.8746947305656048,0.7857142857142857,2.554323983022171,10
2005-06,MIA,52.0,59.0,0.8790621971373831,5.152778671097313,4.754984981513942,0.45537545161605314,-4.685480023970817,3.1709125010750814,0.6428571428571429,3.457484441622447,10
2005-06,MIL,40.0,30.0,0.5233778383234093,5.302345556222285,-2.706553586298088,0.5883735595941065,-3.46203901389217,2.756090740361793,0.7857142857142857,2.6872558841574463,9
2005-06,MIN,33.0,44.0,0.1285478508754372,4.967890765745539,-3.069781941254398,0.49482286062328695,-4.0043197352351445,3.0664194460640406,0.6428571428571429,2.794222992136949,10
2005-06,NJN,49.0,42.0,0.38582049347585007,6.546385308925851,-0.8805789549171386,0.7370542635658914,-3.1298711649917066,3.3309776068023456,0.8571428571428571,2.494264794244453,10
2005-06,NOK,38.0,,-0.3665989903089739,2.917137449514132,-4.011368261358127,0.0,-3.5653578038727862,3.385884535984908,0.9285714285714286,2.4824074145321897,10
2005-06,NYK,23.0,33.0,-0.3608774789855096,2.511700691303888,-8.063530603256202,0.46031994981179425,-3.4523853091603627,3.2327394997042687,0.6428571428571429,2.763266990926761,9
2005-06,ORL,36.0,36.0,-0.20363334377122386,2.3394502531026853,-2.5898491248061473,0.6332666358832282,-3.591183941186978,3.22916914510635,0.7857142857142857,2.5413299908269598,10
2005-06,PHI,38.0,43.0,0.8674667483900849,5.580951385295682,-0.9898396318134461,0.712024162891215,-4.960152183555229,2.841401388088512,0.42857142857142855,3.4534450040770674,9
2005-06,PHX,54.0,62.0,1.0782487331308892,6.889375493298734,1.7933807778244777,0.344848577081114,-4.202851224673492,2.737913309743531,0.5,3.2559869532350487,9
2005-06,POR,21.0,27.0,-0.6709345171662098,0.40285004089578624,-4.158379330663472,0.48930055934725714,-3.7865913433626592,2.8287013547058075,0.8571428571428571,2.7637674369924956,10
2005-06,SAC,44.0,50.0,0.7540720828004579,5.060140848207169,-0.23293989267758508,0.3757514548165248,-2.9802773135250322,2.84729205634067,0.7142857142857143,2.436527716339594,8
2005-06,SAS,63.0,59.0,1.2787089448908826,8.267242224834161,5.271670066476169,0.843808654187592,-4.304065718336162,3.3080390867784524,0.7857142857142857,2.910789565410866,10
2005-06,SEA,35.0,52.0,1.4583264133378384,6.669051900512661,3.467341909495867,0.5321919584954604,-3.54134188722502,2.595041865397941,0.7142857142857143,2.617122081754358,8
2005-06,TOR,27.0,33.0,0.287622951470686,6.05858843363267,-6.078800622669731,0.40322996749393736,-4.106638155356509,3.093817249780958,0.7142857142857143,2.4357211732004234,6
2005-06,UTA,41.0,26.0,0.038720778835856666,4.146130314715074,-3.6076550331927946,0.7009137387142391,-2.8907184183732295,3.514276126513267,0.6428571428571429,2.6427370121443006,10
2005-06,WAS,42.0,45.0,0.0677925348070039,3.6262485175448314,-4.119815078114944,0.6964157337989114,-3.442464305376969,2.7828143515937382,0.7142857142857143,2.7245543208955416,9
2006-07,ATL,30.0,26.0,0.5404734877835478,4.010689522497894,1.6492505551952332,0.7793110603859722,-3.1210218962849368,2.8803928394029024,0.6428571428571429,2.6977019244024047,10
2006-07,BOS,24.0,33.0,0.6467539367422276,4.549139416203589,-0.6125061131421546,0.7688356164383562,-4.482228512633929,3.266358819332554,0.8571428571428571,2.89009276828702,9
2006-07,CHA,33.0,26.0,0.4117538057671008,3.602041396173271,-1.325665425617588,0.633636217000914,-4.2318541083864085,2.952224156158923,0.5714285714285714,3.0548406430918167,9
2006-07,CHI,49.0,41.0,0.6542044047457886,4.917061633450462,-0.5675952819916752,0.6813819577735125,-3.098217659756735,2.692990289668284,0.6428571428571429,2.57170152027905,9
2006-07,CLE,50.0,50.0,1.126186463947096,8.344862843190437,1.9877110343849518,0.8667238162472896,-4.607809533550016,2.959822324281465,0.7142857142857143,3.4445460364056,9
2006-07,DAL,67.0,60.0,1.2367488623527636,6.569597895959401,5.512286751388706,0.7316628464263388,-4.472435445753656,2.9540140780640036,0.7142857142857143,3.0500483491853,10
2006-07,DEN,45.0,44.0,0.3686339826852623,3.4126066850971934,1.3106626012660756,0.4488091708666864,-4.566787765485933,2.928358415548199,0.6428571428571429,3.3064487716132525,10
2006-07,DET,53.0,64.0,0.36752104256458873,4.647508951263521,-2.453424119521027,0.7751172136637642,-3.2461236451101887,3.285977787516683,0.7857142857142857,2.5998625738266985,9
2006-07,GSW,42.0,34.0,0.6969656038230405,6.653079714053632,1.744817232903356,0.50182961397722,-3.199039557145316,2.424939728624568,0.6428571428571429,2.6364372257309254,10
2006-07,HOU,52.0,34.0,0.9002144048710324,10.020392098484013,2.7155993496369537,0.6649237007789991,-4.387211383845508,3.082691596756711,0.7142857142857143,3.058681112177826,10
2006-07,IND,35.0,41.0,0.662792942024819,5.193224998794117,2.7961546374700035,0.31185041523695856,-3.5739232844831643,3.128755035698984,0.7142857142857143,2.745399983066883,10
2006-07,LAC,40.0,47.0,-0.31735244439021604,3.160331389095141,-5.187646813106717,0.8380706732009285,-4.23747245225256,3.2302517952639085,0.7142857142857143,3.074048716752338,10
2006-07,LAL,42.0,45.0,0.8664283281330664,5.241875168144374,3.2882962564669675,0.812327122801524,-4.5820457884576955,3.236391754093555,0.5714285714285714,3.117573740095482,9
2006-07,MEM,22.0,49.0,0.670220118207109,4.046400404052513,-2.244022425953438,0.48073385372644556,-3.240389265458594,2.495789847216293,0.6428571428571429,2.7642711147326904,7
2006-07,MIA,44.0,52.0,1.038396762959212,5.899149394258777,5.10544994190933,0.8926232862696951,-4.46053807013873,2.81105299380638,0.42857142857142855,3.518050831079177,10
2006-07,MIL,28.0,40.0,1.1955840802250441,6.763376957536871,3.633994707675453,0.47039524273337774,-3.7750388197444407,2.503615688140823,0.7857142857142857,2.746951728371361,9
2006-07,MIN,32.0,33.0,0.11921629115582076,5.161523025035855,-5.1940789897212065,0.7812700133011479,-3.6216868889268934,3.091935859932657,0.7857142857142857,2.7458522726110353,9
2006-07,NJN,41.0,49.0,0.4847911816126314,5.86740956642755,-2.66116762297998,0.8128436559809109,-4.679252388714799,3.3140619412027834,0.7142857142857143,3.032292855482761,9
2006-07,NOK,39.0,38.0,0.8421656526013344,8.073029532186492,-0.9893945141991336,0.5234165358716014,-3.631955651848615,3.1988287895509857,0.6428571428571429,2.6537760581178795,10
2006-07,NYK,33.0,23.0,0.016136609701210683,3.7236017690949064,-1.4384911988399602,0.7471883564880446,-3.4927818760958385,2.965962196760612,0.5,2.764011145057662,10
2006-07,ORL,40.0,36.0,0.04102242332561755,2.741855321612212,-2.54597693787223,0.8000557724484105,-3.7279931708940075,3.065300064928986,0.5714285714285714,2.8122194983140023,10
2006-07,PHI,35.0,38.0,0.6783539448107866,4.866463118886228,-2.4012942160361352,0.5162940307951909,-4.77115613455363,3.3781603172174597,0.6428571428571429,2.929634062510002,9
2006-07,PHX,61.0,54.0,1.3245397953873024,7.572473877463829,2.283523134491284,0.8887644643523703,-4.286764467423745,3.0039694214130854,0.5,3.6756855083694626,9
2006-07,POR,32.0,21.0,-0.48240826881834303,0.48020787541669807,-3.231682852220032,0.41764864137745494,-3.9475120135411257,2.686916928997294,0.7142857142857143,2.5985477080708406,7
2006-07,SAC,33.0,44.0,0.6702243584413888,4.9428643792600475,-1.0025943688013963,0.8630316965018886,-2.519374986989345,3.081475419338411,0.6428571428571429,2.5175506389731312,9
2006-07,SAS,58.0,63.0,1.34596399989879,9.41438053308286,5.615271963469254,0.7454769104607657,-3.992344519598887,2.8560746007038116,0.42857142857142855,3.204429838218639,10
2006-07,SEA,31.0,35.0,1.227365812575704,6.16025780647697,2.518366568444275,0.9100595783684693,-3.226574821397694,2.339892178011136,0.7142857142857143,2.8246344451643326,9
2006-07,TOR,47.0,27.0,0.002944814293138412,2.159468166078748,-4.076949665899523,0.4953829140171413,-4.063797486642901,3.282317533888187,0.5714285714285714,2.7436613890305708,8
2006-07,UTA,51.0,41.0,0.9013242353474612,5.793834641553569,-0.9343437187122969,0.7016359387172163,-2.5122766293440177,2.8936218185678206,0.42857142857142855,2.549451051144857,8
2006-07,WAS,41.0,42.0,0.08853228061783379,3.4110275206708183,-3.508849656772729,0.8158658497258948,-2.6216103276010383,2.711343739805296,0.8571428571428571,2.554513977481096,9
2007-08,ATL,37.0,30.0,0.5190034387141469,4.2545987104895495,-1.708530226175463,0.6177003624647603,-3.6309995077904493,2.7003866467647306,0.5714285714285714,2.9610254619023175,7
2007-08,BOS,66.0,24.0,1.1175646888212085,6.941983951174786,4.096330252051704,0.35833461676677447,-4.632751977074128,3.657531922681216,0.5714285714285714,3.409350333440993,10
2007-08,CHA,32.0,33.0,0.7676968594458159,4.470188329783015,0.25527578353546165,0.5515006640106241,-3.220321513918297,2.508383591264666,0.7142857142857143,2.701904935415522,8
2007-08,CHI,33.0,49.0,0.3775641546835767,3.124244799067088,-1.4007366560673051,0.7190635451505016,-3.375866835422269,3.18353312383443,0.6428571428571429,2.569406556529956,9
2007-08,CLE,45.0,50.0,1.113633175202827,6.3153834446215,4.890588318522292,0.5740206618071215,-2.7223056047531062,2.580761833701356,0.7857142857142857,2.6507941617904627,10
2007-08,DAL,51.0,67.0,1.5207289335435785,7.943737854294069,5.002098880906084,0.6956334695633469,-3.5479321382833966,2.9942692154925368,0.7857142857142857,2.7451020363272103,10
2007-08,DEN,50.0,45.0,0.279962194636868,2.5279709262795143,-2.4663163779177966,0.7096961998518048,-4.912858189508713,3.009487055627477,0.5714285714285714,3.365050016717223,9
2007-08,DET,59.0,53.0,0.5590609273040548,4.756880006871507,-1.3153365736266474,0.6681137724550898,-2.803053527415028,2.6866913661182874,0.5714285714285714,2.3662058044390504,8
2007-08,GSW,48.0,42.0,1.0272247684920952,6.798952612425497,2.8706142620791915,0.8425061796902588,-3.090620793778581,2.381729746666322,0.5714285714285714,2.5956100393681454,9
2007-08,HOU,55.0,52.0,1.6931058780579331,8.172678412001575,4.729279761466861,0.8246694148509021,-3.86334109003297,2.4067274921655524,0.5,3.2281616623467855,8
2007-08,IND,36.0,35.0,0.5436628165746378,4.380123518402195,1.3676504174219486,0.8262807461618885,-3.3618378006212346,3.152799727437305,0.7857142857142857,2.6821271702220906,10
2007-08,LAC,23.0,40.0,-0.4282688203103591,1.8123795428093121,-6.7640194370121485,0.5910450951057918,-3.5818712428523645,3.280662436395716,0.7857142857142857,2.7214712625525896,9
2007-08,LAL,57.0,42.0,1.0047737070849398,6.0728328679777395,3.602901813238701,0.628023523395551,-3.4543219752785848,2.5815781626392234,0.8571428571428571,2.813829973357306,10
2007-08,MEM,22.0,22.0,-0.9064626905460239,-0.8626869733811099,-5.292673514188374,0.3755704697986577,-4.755742532028584,2.623476951852418,0.5,3.145243267138652,6
2007-08,MIA,15.0,44.0,0.37766941692416656,7.511778693735635,-0.5423127556106541,0.39924943707780836,-4.252150593978364,3.1771101112004243,0.7142857142857143,3.158879294418318,10
2007-08,MIL,26.0,28.0,0.39649706950272756,4.2411557310410934,-0.47183566413969036,0.5807270511779041,-3.845839920054748,2.9862899365040194,0.7857142857142857,2.6771699548106844,9
2007-08,MIN,22.0,32.0,0.11949182477900172,3.2727243320030586,-1.2031559691497078,0.2847204328781242,-3.150359456769145,2.496533544119332,0.7857142857142857,2.483949289026138,10
2007-08,NJN,34.0,41.0,0.3622608366540958,5.663990292843867,-1.7913679759559682,0.44242790885259126,-4.463057542345229,3.671970932918273,0.7142857142857143,2.963941470593727,10
2007-08,NOH,56.0,,0.9777377725398284,6.5982244496507665,1.4704961713069609,0.0,-3.7934860661254026,2.602720100301262,0.7857142857142857,2.7933119951590393,10
2007-08,NYK,23.0,33.0,0.45370770458123594,6.282909940842649,1.2274992689581032,0.7591099316117179,-3.6092545568502334,2.9295495407760415,0.5714285714285714,3.1455394769128735,10
2007-08,ORL,52.0,40.0,0.6668010610039345,4.25342467993919,1.880871079995946,0.5909729814149617,-3.752310443197672,2.91080856577557,0.7142857142857143,2.752993431064167,10
2007-08,PHI,40.0,35.0,0.13653450811844361,3.756990600567581,-2.043121405759403,0.6455382995525139,-3.8585079170332066,2.4088593519293497,0.8571428571428571,2.5652018555435703,7
2007-08,PHX,55.0,61.0,0.9260417908765666,7.0416798497441535,0.2680478155575493,0.6835193355826629,-4.041450930722981,2.8738514672791804,0.5714285714285714,3.5479734088054573,9
2007-08,POR,41.0,32.0,0.02028379228073169,3.8351681169991285,-2.3094293633015877,0.5759223096004644,-3.502496488088246,3.4116648476123403,0.7857142857142857,2.9097267341812976,10
2007-08,SAC,38.0,33.0,0.5147198908328493,3.9699693284016866,-0.15800900412559082,0.5707557154953429,-3.503711349304161,3.598075691823621,0.7142857142857143,2.5800375570094616,9
2007-08,SAS,56.0,58.0,1.3724783320679657,9.143870496153408,3.9746277898577773,0.7514829524939393,-4.673610529365505,3.029826001806334,0.7857142857142857,3.4016526251375656,10
2007-08,SEA,20.0,31.0,-0.003847694681951129,2.727759487539906,-3.9470589598113186,0.7328480150832722,-2.505579054239825,1.8450469053945489,0.7857142857142857,2.417209385121696,8
2007-08,TOR,41.0,47.0,0.4923617366131336,4.760576127503398,-0.6795579988570426,0.6596580760398061,-4.375233780056132,3.6676280346581125,0.7142857142857143,3.1408122120220527,10
2007-08,UTA,54.0,51.0,1.126509987520547,6.820202495214466,4.365100886056838,0.7953051643192488,-3.477069035769502,3.4409123364267415,0.8571428571428571,2.6893687639102293,10
2007-08,WAS,43.0,41.0,0.3450529076138167,4.067342710147896,-1.7338685769394888,0.8467776355100298,-3.862615438505868,3.167635790805313,0.7857142857142857,2.639297867710177,9
2008-09,ATL,47.0,37.0,0.09551453136995154,4.184644224146372,-2.220203368886293,0.8478297969167757,-3.988131072614776,3.1746158847424994,0.7857142857142857,2.5881322306938106,10
2008-09,BOS,62.0,66.0,1.0206510074188275,7.427812455120787,4.580512581708507,0.8219435117519257,-3.9969835420518898,3.2517769470359155,0.7142857142857143,3.0501506495568207,10
2008-09,CHA,35.0,32.0,0.4755625910414572,4.625861444345988,-2.8788013791874496,0.4294308683383911,-4.605198641543852,3.0310475795612137,0.7857142857142857,2.743150762425764,8
2008-09,CHI,41.0,33.0,0.6270999847839722,3.8415646223682427,1.447365010247541,0.530675480272671,-2.9690725946840373,2.455493421504982,0.6428571428571429,2.4982067464644393,9
2008-09,CLE,66.0,45.0,0.8670333805524062,6.150479880586294,2.5474661123512132,0.8240772680234564,-4.211712996112065,3.2206462068558834,0.7142857142857143,3.0336834995172506,10
2008-09,DAL,50.0,51.0,1.5058403279799994,7.789872840298333,4.673279497332142,0.7797142857142857,-4.084761375335278,3.497543712423179,0.7857142857142857,3.0142146353878734,10
2008-09,DEN,54.0,50.0,0.6061276647487449,6.7341530352050825,1.4521003629231626,0.534405346141798,-4.920015544534912,3.618963830650403,0.6428571428571429,3.1854492085800272,10
2008-09,DET,39.0,59.0,0.5376506390233471,5.191621155528591,0.062437075630990546,0.7446742180193286,-3.207711610211962,2.6399083926374343,0.6428571428571429,2.6855309119595048,10
2008-09,GSW,29.0,48.0,0.676990930576379,5.3183585172236,0.2204860150400233,0.5317859093391589,-3.942581473111077,2.159576475643827,0.7142857142857143,2.7248432442271797,7
2008-09,HOU,53.0,55.0,1.683817265726007,10.60677212523026,8.69324106365832,0.6755021402700033,-3.8411332331685673,2.8689444794673142,0.6428571428571429,2.9893280327892504,10
2008-09,IND,36.0,36.0,0.6352094357619621,3.8961965975751056,1.6665211679697016,0.6602823627115125,-2.779297654500155,2.593708420931557,0.6428571428571429,2.5084789758585138,9
2008-09,LAC,19.0,23.0,-0.08888946303249035,3.584596064837604,-7.378928393456139,0.2434138782069678,-3.5249900605240416,2.9086675236106663,0.5714285714285714,2.7535656194887888,9
2008-09,LAL,65.0,57.0,1.3082290701108836,6.994710305121968,7.213408894245024,0.8233838089691322,-4.081959353370568,3.0377185573817442,0.7857142857142857,2.939835755579996,10
2008-09,MEM,24.0,22.0,-0.5395038757304855,1.2261635735902632,-4.7957236516754325,0.4325493676503217,-3.7594293956535205,2.9356557090934485,0.6428571428571429,2.64176078887759,7
2008-09,MIA,43.0,15.0,0.3414038030805235,5.784271563881708,-2.8461316615509995,0.3733029274501485,-4.256380113320748,2.7495003723781735,0.7142857142857143,3.065269233655167,10
2008-09,MIL,34.0,26.0,0.45013358229467554,3.1329662576555033,1.1426809652160457,0.48995419529460754,-3.77451394089821,3.6577940809721565,0.7857142857142857,2.778163225948187,10
2008-09,MIN,24.0,22.0,-0.031220795090565277,4.215931404104255,-2.38213987751939,0.5359286207445961,-3.4500602125780437,3.2033766217189057,0.9285714285714286,2.674058230443927,10
2008-09,NJN,34.0,34.0,0.30325134318177105,4.658000064077524,-5.242838135884961,0.41772573394749984,-4.125807187597343,3.2126316141954554,0.7142857142857143,2.7506587864305296,8
2008-09,NOH,49.0,56.0,1.4738884659388225,9.060153081198303,3.673559819814041,0.7216197733489644,-4.702128206953874,3.3686837435595964,0.6428571428571429,3.235501083823331,10
2008-09,NYK,32.0,23.0,0.4686573358415772,3.81342123475478,-0.9983384491735872,0.41076415333841076,-3.1584544401466017,2.5809798723847135,0.7142857142857143,2.5902026298894403,9
2008-09,OKC,23.0,,-1.0767968092998428,0.40360049883794674,-11.410658670148678,0.0,-3.261203554887891,3.0184517972665716,0.6428571428571429,2.5631231220483714,9
2008-09,ORL,59.0,52.0,0.8969527035490366,4.861013875174265,0.8246471114528455,0.5845565107989096,-4.435847965260476,2.51445264079158,0.7142857142857143,2.8592193253127536,9
2008-09,PHI,41.0,40.0,0.1418049925264209,3.965724067983736,-3.733096469090449,0.8834212386493393,-3.286217918810567,2.7051506537454415,0.5714285714285714,2.7096412395647436,9
2008-09,PHX,46.0,55.0,1.589164861704928,6.805117206616085,5.321368480589228,0.6412296368458082,-3.681473737277571,2.7430895676608915,0.42857142857142855,3.331296851654078,8
2008-09,POR,54.0,41.0,0.2403902218954506,2.561704146653485,-2.6414693747102236,0.7105965704897833,-4.7157912784412295,2.6901438119258736,0.42857142857142855,3.10017279230981,7
2008-09,SAC,17.0,38.0,0.31167644012797946,3.151982255804711,-1.1413879963460642,0.364473422257615,-2.930718456516376,3.230071449173399,0.5714285714285714,2.337624263225553,7
2008-09,SAS,54.0,56.0,0.9930284091904962,7.694370492004967,1.736323694786785,0.7980410221597246,-3.736177124961386,2.7872225509090147,0.7142857142857143,3.2760182073859054,10
2008-09,TOR,33.0,41.0,1.2938697660429097,7.474856069367527,-1.2142409656405255,0.572071365039502,-4.320644628849187,2.9798392152428184,0.42857142857142855,3.1767482802756755,7
2008-09,UTA,48.0,54.0,1.3674577489786983,6.90275732795072,6.326126258458598,0.905081351689612,-3.855363239724736,3.896604922879448,0.7857142857142857,2.9434180366452636,10
2008-09,WAS,19.0,43.0,-0.19883414581110867,2.8919650786675426,-6.053325781636964,0.6662913873394402,-3.46962322273158,3.5386161162657346,0.6428571428571429,2.6243772892511723,10
2009-10,ATL,53.0,47.0,0.5253430492338521,4.015336584171791,0.24913137776814281,0.8323669226349057,-3.2897001127352,2.728292724402157,0.7857142857142857,2.5679471180237385,9
2009-10,BOS,50.0,62.0,0.826024533244357,5.642100267664076,3.522804964924294,0.7133467134972403,-3.8226782811182263,3.503903688403119,0.7142857142857143,2.8387333483852735,10
2009-10,CHA,44.0,35.0,0.4619066297580801,4.924919945780779,-0.3669982644892912,0.5668498666811775,-3.5673624093724046,2.6405454200109735,0.7857142857142857,2.7465860877956123,10
2009-10,CHI,41.0,41.0,0.3548624446079069,4.601699147712977,-2.357566676602844,0.4986591179976162,-3.246102401532311,2.3443853572805886,0.5714285714285714,2.5429628741657315,9
2009-10,CLE,61.0,66.0,1.357195867797929,7.6335042204282075,6.4408082695024165,0.6059093631463366,-4.56503660672537,2.9706283058918213,0.7142857142857143,2.8801526740144547,10
2009-10,DAL,55.0,50.0,1.6653158259369225,7.90837302636011,4.046392802503219,0.614587650227932,-4.163408982148824,2.7359589419466674,0.5714285714285714,3.059763991493268,9
2009-10,DEN,53.0,54.0,0.677985799365156,7.313630812511928,-1.9620574743730108,0.7678453988971519,-3.3142777890328032,3.2659778805246567,0.8571428571428571,2.7659505205527655,10
2009-10,DET,27.0,39.0,0.14203848246034673,2.282818757932242,0.28616356600385384,0.5553714859437751,-3.2872411815968356,2.769033875934538,0.5714285714285714,2.7688897416770786,10
2009-10,GSW,26.0,29.0,0.819867170813312,5.503310080080888,1.3102496112048734,0.5344731650564014,-3.4600451110482044,2.9861236715177575,0.7142857142857143,2.680115934389861,10
2009-10,HOU,42.0,53.0,0.8673026466858418,4.881356182550915,2.0266921578234456,0.4809561752988048,-4.058716792907775,3.26696742901189,0.5,2.8824606055133493,8
2009-10,IND,32.0,36.0,0.3340939720632733,4.075225323470322,0.5075060505503035,0.5416408028139872,-3.367223900895935,3.163685959371177,0.7142857142857143,2.6534230855077627,10
2009-10,LAC,29.0,19.0,0.05872468152221335,3.5015761529598888,-4.14174926452268,0.35643983490316433,-3.5523311742629784,2.96800159490322,0.6428571428571429,2.614391904740077,10
2009-10,LAL,57.0,65.0,1.551148059217145,7.355901183030886,6.070532620533193,0.8032786885245902,-3.738116472587433,2.794541337319766,0.7142857142857143,2.8982377017110927,10
2009-10,MEM,40.0,24.0,0.025880017284422976,3.1494030831582296,-4.438568214937851,0.6874486835623187,-3.484963016236654,2.9042140445186067,0.5714285714285714,2.435113577819577,8
2009-10,MIA,47.0,43.0,0.2572364305034665,6.110057393980593,-2.4519016423688673,0.7562775541498946,-3.8896167468775444,3.1688305447399507,0.7142857142857143,3.139376928346926,10
2009-10,MIL,46.0,34.0,0.28007345349920676,4.06904730762417,0.5250383523654083,0.41384669373840677,-3.548960485040753,3.0766482784850395,0.7857142857142857,2.5519154168994995,9
2009-10,MIN,15.0,24.0,0.1497287607535345,3.645593533373591,-5.215245333824054,0.32941295751799654,-3.5564837260347857,2.9040809447562306,0.8571428571428571,2.667321069263975,9
2009-10,NJN,12.0,34.0,-0.05517300901058717,2.7965680503778283,-5.055187713578965,0.6845793161582635,-4.278218462466843,3.1664605409490485,0.8571428571428571,2.8304153354253105,9
2009-10,NOH,37.0,49.0,1.4054007026685873,8.721362717111521,0.9308977052565598,0.5934048921457322,-4.825120362180652,3.0047510873344603,0.5714285714285714,3.0503689670632026,8
2009-10,NYK,29.0,32.0,0.6807520149936604,5.64167886267461,1.8011183420456605,0.5898481875451823,-4.143527951485792,2.964553677006333,0.5,2.7446141632180523,8
2009-10,OKC,50.0,23.0,-0.8057100540394846,-1.2426243513569724,-3.75091644962061,0.6994122129095461,-4.705365653945105,2.9227876513413342,0.5714285714285714,2.795549213428561,6
2009-10,ORL,59.0,59.0,1.1005469795022769,5.894571205777899,3.880342520809697,0.5288927671126624,-4.129468783283028,2.667972448131085,0.7142857142857143,2.973942314495918,10
2009-10,PHI,27.0,41.0,0.40728992326771213,4.062495523801826,1.1831316012618491,0.7132899628252788,-3.3739516492801354,2.9754665337381847,0.7857142857142857,2.630277713824649,10
2009-10,PHX,54.0,46.0,1.3036379546841508,6.416320836708542,5.159384567229138,0.7702989188043248,-3.7006595940361633,3.417100195846017,0.7142857142857143,3.0437063696261752,10
2009-10,POR,50.0,54.0,1.1931969569047762,8.207880254512492,1.8711154248099457,0.6745261446211698,-3.9585473803542146,3.077231787222013,0.7857142857142857,3.0579314171117664,10
2009-10,SAC,25.0,17.0,-0.01281455239403853,4.1931739697270025,-4.5220513331089425,0.6873024393153218,-3.124404646770274,2.6621162699166647,0.7142857142857143,2.3614214013306003,8
2009-10,SAS,50.0,54.0,1.1539144282324933,8.88603931007414,2.3305579493788184,0.5904766648403647,-5.179831465276631,3.1469041754336513,0.7142857142857143,3.2042183287152968,9
2009-10,TOR,40.0,33.0,0.3423740202605965,6.051460932554523,-2.163493942153252,0.45158646528509544,-3.7526709987520688,3.223173471225838,0.7857142857142857,2.7229374188423754,9
2009-10,UTA,53.0,48.0,1.3127443425047127,6.059724557394519,3.384181151845462,0.7508433234729358,-3.7740282022437333,2.915528287221114,0.7142857142857143,2.6336646436357047,8
2009-10,WAS,26.0,19.0,-0.18893531887669665,4.946480487905173,-3.0162888991168417,0.2533412694118284,-3.590477062136066,3.6089624107441662,0.6428571428571429,2.5671031807358307,10
2010-11,ATL,44.0,53.0,0.3515607811898975,3.390443477280167,-0.44589472151930004,0.7888997479553521,-3.2675928210212684,3.0157234555354986,0.7142857142857143,2.7492328346904844,10
2010-11,BOS,56.0,50.0,0.6286634477782045,4.958418555710755,1.451437732694214,0.5167842741935483,-3.4011419475235467,3.427971655045012,0.6428571428571429,2.9310508617457622,10
2010-11,CHA,34.0,44.0,-0.19691710819456562,0.8678930732730764,-4.530614019876889,0.43863088057901084,-4.583679800435956,3.502808399429774,0.7857142857142857,3.014786971379886,9
2010-11,CHI,62.0,41.0,0.08836009093133246,3.600296097339338,-0.39125127929612447,0.48358971789347094,-4.232719669600969,3.174913625065384,0.7857142857142857,2.786801104262423,10
2010-11,CLE,19.0,61.0,0.6907625640302444,5.154160692184856,-1.0743339539101622,0.44792103180146203,-2.729916465995381,2.7415504713475793,0.6428571428571429,2.7939632032772734,9
2010-11,DAL,57.0,55.0,1.0032365330417685,7.6163612815023685,3.1658628214449824,0.8316648479385111,-3.6210033601739515,2.788771301301719,0.7857142857142857,2.7894721825914672,10
2010-11,DEN,50.0,53.0,0.8585057002363835,7.147089551021575,3.1588578211661407,0.6122905027932961,-3.2354972652420884,3.2822539113026212,0.8571428571428571,2.4102291475938533,10
2010-11,DET,30.0,27.0,0.36596373173500685,2.342375023224731,2.0646870250933116,0.778434940855323,-3.1848362801067838,2.3528584985190757,0.5714285714285714,2.7528293393969063,10
2010-11,GSW,36.0,26.0,0.5287774852591592,5.427129917866765,1.1841328965855216,0.422921967769296,-3.4947873856492313,2.7190287932279475,0.8571428571428571,2.3847546374707598,9
2010-11,HOU,43.0,42.0,0.48486890063080246,3.484824962146113,0.8195515092559564,0.4861913937058446,-3.311986885553345,3.1765732508117575,0.8571428571428571,2.5169518379717877,9
2010-11,IND,37.0,32.0,0.2455732253553592,4.718783498663717,0.025283040521690614,0.6646589446589447,-3.168006678341016,3.1375027634609722,0.7857142857142857,2.473555152455372,10
2010-11,LAC,32.0,29.0,-0.14819922226434198,2.504609183578133,-2.921053775197323,0.3882036089415567,-4.134602421685965,2.952768139167341,0.6428571428571429,2.6745399095258953,8
2010-11,LAL,57.0,57.0,1.3020549113707562,6.422104877494969,5.731119162459388,0.8613161780215145,-3.633753305933976,2.6336730531631556,0.7142857142857143,2.867100694985563,10
2010-11,MEM,46.0,40.0,0.5033007823044975,5.743425178272863,-4.137583316193673,0.7679802253172981,-3.782454287280223,3.1871818811818122,0.7857142857142857,2.6015544853112442,9
2010-11,MIA,58.0,47.0,1.2914046279866993,9.192219307216792,2.3120499569361086,0.2932118631479923,-4.259154068123343,3.1232968278486664,0.5,3.6713236746018842,10
2010-11,MIL,35.0,46.0,0.2849280393776113,3.9617745240082414,-0.5814708872068852,0.7048735538036245,-3.331110150836803,2.8907089930228045,0.7857142857142857,2.683135655748023,10
2010-11,MIN,17.0,15.0,-0.26840532304992765,3.1580393122300325,-3.071017987832299,0.3131328628413624,-2.946011387584024,3.068725323257267,0.5714285714285714,2.6273810729884466,10
2010-11,NJN,24.0,12.0,0.5809643831612964,5.345433215874213,-1.004529188102738,0.23411408101405345,-3.4009121077534856,2.5004433991298862,0.7142857142857143,2.4381275777162292,10
2010-11,NOH,46.0,37.0,1.1085635607120885,8.923904661142315,0.7571467697430255,0.3918301382077575,-3.295721257153965,2.9678803621195833,0.7857142857142857,2.7444019017248644,9
2010-11,NYK,42.0,29.0,1.2397574209404039,7.173381539501902,2.8036227765753563,0.10819480898221055,-4.312331124894176,2.8945002440227943,0.7142857142857143,3.438632139147296,10
2010-11,OKC,55.0,50.0,0.13404585835252367,3.7316130351633436,-0.24111697760405415,0.7491479209270621,-4.395505526154649,3.0045624159518676,0.7142857142857143,3.18366504898208,10
2010-11,ORL,52.0,59.0,0.9562065560908859,5.6857855221655775,3.888594238551208,0.40897110998479475,-4.4321579512789775,2.682974811202146,0.5714285714285714,3.074712044964007,10
2010-11,PHI,41.0,27.0,0.38373222230970666,3.6429419496944546,-0.2876482465891842,0.6498182361436183,-2.186876129332081,2.5617009941365536,0.7857142857142857,2.478708882791477,9
2010-11,PHX,40.0,54.0,1.0000970865507692,6.607121220566373,3.101851144462772,0.5405248735244519,-3.1125991367641626,2.7998697545115236,0.6428571428571429,2.8289984781383968,10
2010-11,POR,48.0,50.0,1.5659141114510635,8.935874969136101,4.557416250994107,0.6336388030985773,-4.008280294459648,3.5932729303733537,0.7142857142857143,2.7874882568477872,8
2010-11,SAC,24.0,25.0,-0.3038394432976649,1.3541209919703736,-3.6099011651416517,0.6099706744868035,-3.4237862298044,2.8584160077936667,0.8571428571428571,2.613350830970942,9
2010-11,SAS,61.0,50.0,1.5587484716713254,8.8419885936533,3.1305121975859285,0.8335049032887252,-4.443779517081933,3.2850042913147752,0.6428571428571429,2.65445460696478,8
2010-11,TOR,22.0,40.0,0.057315137581979106,6.167593093983073,-5.408985928046653,0.47729179777637926,-3.7866336406157615,3.135521659561624,0.5714285714285714,2.708484923474161,9
2010-11,UTA,39.0,53.0,1.0649147545571456,6.076375384476029,1.3833621627703914,0.3861609727851766,-3.381156930912286,2.787140578001618,0.8571428571428571,2.551052442733193,9
2010-11,WAS,23.0,26.0,0.26904370507384756,4.203255838925088,-2.4876496543889575,0.3395178516936222,-3.633196409922988,2.562982794795854,0.5714285714285714,2.522996038784299,7
2011-12,ATL,49.696969696969695,44.0,0.5117763404582228,3.3072258464560664,0.42709360677775776,0.6065608577949997,-3.1719381964235867,3.1069969960361257,0.7857142857142857,2.511994331595756,9
2011-12,BOS,48.45454545454545,56.0,0.7348553030193536,4.334386703309163,2.155881107715635,0.5282289969746334,-3.5818974313572896,3.294901678988312,0.7142857142857143,2.8100778186749276,10
2011-12,CHA,8.696969696969697,34.0,0.5565496738964845,3.2323150061551265,0.8220806838177865,0.37148856478065945,-4.53336119561062,3.871373202656541,0.7142857142857143,2.533840804394001,8
2011-12,CHI,62.121212121212125,62.0,0.4818832417213335,3.3485042937565757,3.0376773722300947,0.832498034591195,-4.418948262883943,2.9693623791746533,0.8571428571428571,2.7168834558966064,10
2011-12,CLE,26.09090909090909,19.0,0.6087003395688022,4.2873648266812925,-1.0519398437427987,0.4885828384190047,-3.6051088221942367,2.959594859175291,0.5714285714285714,2.53357203051632,8
2011-12,DAL,44.72727272727273,57.0,1.6556554010203761,6.765492380676803,6.039009275597866,0.5912152410276147,-2.9571845249021447,2.2257428587399386,0.7142857142857143,2.918540467510298,10
2011-12,DEN,47.21212121212121,50.0,1.088131981398073,8.116152354238102,3.541692183417981,0.44362031734109475,-3.3861248405879776,3.250986402963411,0.7142857142857143,2.58023111685562,10
2011-12,DET,31.060606060606062,30.0,0.5758550325151527,4.099059071216641,-0.24316995738056002,0.7030281475459811,-3.338231656201171,2.7374908292985323,0.6428571428571429,2.6647864298546033,9
2011-12,GSW,28.575757575757574,36.0,0.63800503859616,4.8269370615517015,-1.215468157417201,0.4952356557377049,-3.759773961662045,2.928333773428046,0.8571428571428571,2.295831658986731,8
2011-12,HOU,42.24242424242424,43.0,0.4973038704062371,3.4857197533878086,0.5795624451976001,0.7570416450665284,-3.432895088997927,2.7767258643788435,0.8571428571428571,2.600364136653932,9
2011-12,IND,52.18181818181818,37.0,0.6752054906085495,3.700748976386979,3.7565500343242415,0.5574595749008441,-2.567939105026111,2.7968886132294637,0.6428571428571429,2.387847260202588,10
2011-12,LAC,49.696969696969695,32.0,1.0860235132147422,10.576619201804641,-1.6944842875018375,0.641574656898153,-4.545484127178526,3.0915806290754553,0.7142857142857143,2.9838472273081593,10
2011-12,LAL,50.93939393939394,57.0,1.367677910585581,6.800413931762211,5.41617070032349,0.6382086461299508,-3.875385154396831,2.8869193171336756,0.7142857142857143,3.086459640913623,10
2011-12,MEM,50.93939393939394,46.0,0.52367923871599,4.234027338172131,-1.1317935092713918,0.649779422228547,-3.723139229034384,2.946562187964749,0.7142857142857143,2.580840064471739,9
2011-12,MIA,57.15151515151515,58.0,1.8014581699871013,9.708792707036888,1.2276910007393955,0.7081555834378921,-3.4920857114101147,2.477852227541207,0.5,3.5512260269065252,9
2011-12,MIL,38.515151515151516,35.0,-0.039289394036442445,3.112875498731485,-2.721802473024982,0.4215676229508197,-3.375545624549854,3.1125838154325054,0.6428571428571429,2.6610106090952095,10
2011-12,MIN,32.303030303030305,17.0,0.0993578199947724,4.653857292938551,-3.4926450812101715,0.8507784034448493,-3.528002979500136,3.1789776489511055,0.6428571428571429,2.751731271162642,10
2011-12,NJN,27.333333333333332,24.0,0.8951351329991698,5.972322294603609,-1.3712806446768975,0.4976682942886926,-4.100530429415716,2.919164666995705,0.7142857142857143,2.571821226097925,9
2011-12,NOH,26.09090909090909,46.0,0.058176257921770946,2.86055168101762,-3.708077781211835,0.5853805274240449,-3.2087247503770526,3.3573726321195823,0.7857142857142857,2.3347115973486012,10
2011-12,NYK,44.72727272727273,42.0,1.3190926111151522,5.250844646168624,7.058680856678156,0.631469298245614,-3.604866027439122,3.194048853896664,0.5714285714285714,3.192583772120715,10
2011-12,OKC,58.39393939393939,55.0,0.4792786365332575,3.5734708514261126,1.1282429921736998,0.881679593474191,-5.175291734618717,3.284948117491453,0.5714285714285714,3.3742591853702657,10
2011-12,ORL,45.96969696969697,52.0,0.8641319135273641,6.897043736478972,0.9787955261833083,0.7816121555498327,-4.398740993676295,2.7743484840070853,0.6428571428571429,3.0173697778913358,10
2011-12,PHI,43.484848484848484,41.0,0.37908367146569666,3.771652828520783,-1.06363831204709,0.9137439776200591,-3.6855386291896877,3.223795742817797,0.6428571428571429,2.443546353893015,8
2011-12,PHX,41.0,40.0,0.6776092214800981,5.80450526551414,1.3873928361170893,0.7705299039355439,-3.8558693566140367,2.949148892956449,0.5714285714285714,2.8949067003405986,10
2011-12,POR,34.78787878787879,48.0,0.12524872596426143,4.265439939149793,-3.176109959199569,0.44025092021359324,-3.2696110548824864,3.3856076790839347,0.7142857142857143,2.4838886873507398,10
2011-12,SAC,27.333333333333332,24.0,-0.1719236719226215,2.013584780810125,-3.509933597939704,0.5433471933471934,-3.6888543067088055,3.058315906767981,0.8571428571428571,2.7187712967118878,9
2011-12,SAS,62.121212121212125,61.0,1.2491243444112843,9.468036999795013,3.3083872641495407,0.6793472445157839,-3.255777567106575,3.1615748741531955,0.7142857142857143,2.6566388290288447,9
2011-12,TOR,28.575757575757574,22.0,0.3357738077519509,5.633608209100059,-2.088167616799807,0.7424617165710677,-2.848384830235217,2.9188991610555255,0.5714285714285714,2.664904497848687,10
2011-12,UTA,44.72727272727273,39.0,0.7064700796509845,4.421113821046215,0.4528334593539517,0.7922376664056382,-4.193435181917265,3.098422165135874,0.8571428571428571,2.4653673447885134,9
2011-12,WAS,24.848484848484848,23.0,0.4510952387806842,3.9255676123121486,-4.501365846646243,0.5433680899400012,-4.510471484975724,2.8517143438654204,0.7142857142857143,2.843889090254786,7
2012-13,ATL,44.0,49.696969696969695,1.0053191293969257,5.75892531158392,2.649448911031559,0.46821725915157925,-3.4820039059469727,3.345154435385791,0.7142857142857143,2.57791251287816,10
2012-13,BKN,49.0,,0.9289846472499161,6.157767989822575,2.7287970352887108,0.0,-4.323992444500736,2.9458826658906987,0.6428571428571429,2.9046095197940067,10
2012-13,BOS,41.50617283950617,48.45454545454545,0.45796501722238386,4.1517936724996725,0.7696100931196483,0.6150745409175251,-3.2631843806960994,3.6192471075073964,0.7142857142857143,2.6510390363669982,10
2012-13,CHA,21.0,8.696969696969697,-0.2982832386977128,2.4195208822554517,-1.3751717840593498,0.4623374788015828,-2.7989263607356833,2.172466782890553,0.7142857142857143,2.465577637499515,10
2012-13,CHI,45.0,62.121212121212125,0.3593938142284402,3.045590851495809,0.6211077485254253,0.5218411787716782,-3.3180542504816715,2.5825654823248017,0.7142857142857143,2.3354482577757425,10
2012-13,CLE,24.0,26.09090909090909,0.07729793598994579,2.9858995176771876,-0.9142048705626907,0.5933343409915357,-3.128187855247509,2.9710034053087053,0.8571428571428571,2.549495588225085,10
2012-13,DAL,41.0,44.72727272727273,0.6567673209158231,7.355000824561937,-0.3993913874290098,0.4911704851309657,-3.4788681508591024,3.2180784213082076,0.6428571428571429,2.7026544806288992,9
2012-13,DEN,57.0,47.21212121212121,1.4106639838955128,8.06845430394748,3.4095511915324477,0.6342164060006383,-2.524909814904187,2.2287875779001354,0.5714285714285714,2.472352487468105,9
2012-13,DET,29.0,31.060606060606062,0.6002230941427036,4.836008573658785,-0.3341500145979104,0.6082919173424013,-3.978054602468622,2.8773027366919037,0.7142857142857143,2.922618939540782,8
2012-13,GSW,47.0,28.575757575757574,0.7731773076135089,5.410877321390532,1.7263416317895706,0.49294075913444485,-3.3879622437503505,2.611484682067343,0.5,2.6630253934590753,7
2012-13,HOU,45.0,42.24242424242424,1.2161587800856224,6.52329450090628,0.5129542870414463,0.11465615863734588,-4.237001225959225,2.850467490038801,0.5,2.996779271862937,8
2012-13,IND,49.60493827160494,52.18181818181818,0.65516420941477,4.268970025674602,1.0882979437095532,0.5385076775431862,-3.2024915835502274,2.9051240420091493,0.7857142857142857,2.5041570437327607,10
2012-13,LAC,56.0,49.696969696969695,1.7494826875596108,11.910345323006528,2.914132492757117,0.528270344498179,-4.442205484588126,3.0349771069128693,0.5,2.9950908652961132,10
2012-13,LAL,45.0,50.93939393939394,1.3782983490740603,7.252908132067766,4.72657319055005,0.49085169436928233,-5.032886394639533,3.2822311090548575,0.5,3.638540473560533,10
2012-13,MEM,56.0,50.93939393939394,0.5571275481589639,4.428238139914736,0.6574232364682099,0.5242060028201169,-2.92953976682267,3.107904936837673,0.7857142857142857,2.4509889475063367,10
2012-13,MIA,66.0,57.15151515151515,1.065136406316422,9.368068930890939,0.8090614032424182,0.9552990133566012,-3.8512036183399614,3.1064393868397735,0.7142857142857143,3.162196273031484,10
2012-13,MIL,38.0,38.515151515151516,0.49505425484713517,5.015696664540725,-0.2230681706902562,0.6281352888356779,-2.761677393607225,2.569221429386959,0.5714285714285714,2.466040535188261,10
2012-13,MIN,31.0,32.303030303030305,1.0052406323208654,6.496799341142369,3.435446565161098,0.5796039094650206,-3.9127754507165373,3.141184320277388,0.6428571428571429,3.1373854593299817,10
2012-13,NOH,27.0,26.09090909090909,0.59146347919604,4.617205348824282,-2.948515438123039,0.3777732128184059,-4.780855385649432,3.460916243528538,0.7142857142857143,2.793188203109648,8
2012-13,NYK,54.0,44.72727272727273,1.3277573111770464,8.315680858451069,4.136675227249908,0.5840922116792969,-4.934775100354304,3.207796703289109,0.5714285714285714,3.2952467553713545,9
2012-13,OKC,60.0,58.39393939393939,0.17493883139355798,2.28706612996486,0.7151690218311265,0.7770743700061463,-4.006850034675118,2.8090157691645112,0.7142857142857143,3.1576829961915642,10
2012-13,ORL,20.0,45.96969696969697,0.26507312785533454,2.907027493547316,-0.5838691309592388,0.2048381824125531,-3.36179678696888,2.4322028497298556,0.6428571428571429,2.258969889803058,6
2012-13,PHI,34.0,43.484848484848484,0.028604177759691467,3.502502384448098,-3.8951547667677,0.47150801439319595,-2.9656750369356333,3.33158177553597,0.7857142857142857,2.4391176035738265,10
2012-13,PHX,25.0,41.0,0.08302414753023303,3.63155817767238,-5.091647923786758,0.4268038633924626,-3.759718027327514,3.317852127651856,0.6428571428571429,2.55539448574395,9
2012-13,POR,33.0,34.78787878787879,0.6541697804552733,4.785797855314174,-3.269062996561397,0.5573032101236863,-3.1175367856635137,2.816851932979039,0.6428571428571429,2.454653089155668,8
2012-13,SAC,28.0,27.333333333333332,0.2998539258640978,5.937947930883774,-2.5641785140084954,0.8279139897731742,-4.1012641819058615,3.263213364316286,0.5714285714285714,2.8549952392981353,10
2012-13,SAS,58.0,62.121212121212125,1.3353880073889692,7.466988275808646,6.162077299232243,0.9109252282740565,-3.6897452594523688,3.1317613737464365,0.7857142857142857,2.775467273563322,10
2012-13,TOR,34.0,28.575757575757574,0.27565451373915695,5.287898247598634,-1.8691670409932344,0.43673939655793187,-3.076723831965531,2.9418739321371987,0.7857142857142857,2.5219106512871914,10
2012-13,UTA,43.0,44.72727272727273,0.6107043056380765,3.7928371445425806,1.3526661841948329,0.667757039317555,-2.830953905397368,2.658718662925561,0.6428571428571429,2.4352760917128022,10
2012-13,WAS,29.0,24.848484848484848,0.21070468387777683,3.7640947947989454,-0.2597715796759636,0.6481381957773512,-3.413701819142037,2.873793750235651,0.8571428571428571,2.689363149965764,10
2013-14,ATL,38.0,44.0,1.1693259437798862,6.246692528882847,3.487398432951582,0.47093530347339796,-3.847805518159568,3.0974941951896833,0.8571428571428571,2.7335698549054475,10
2013-14,BKN,44.0,49.0,1.0938580057536325,5.972162582227634,4.134755607358396,0.4787491628458091,-3.404848616477156,3.125195409066707,0.5714285714285714,2.803094954867948,10
2013-14,BOS,25.0,41.50617283950617,0.2875530939802056,5.024433848306472,-1.4500828248303348,0.41299989976946977,-3.748527923276988,3.303938113510298,0.6428571428571429,2.687019171498404,8
2013-14,CHA,43.0,21.0,0.22607483344255044,3.600184210867644,0.6238196828667666,0.6188857316825654,-3.752605719122833,3.306995516330907,0.5,2.619309827631768,10
2013-14,CHI,48.0,45.0,0.4695084477203506,4.0250832436572885,-0.9687936626324152,0.5675007723200495,-3.6444662022499292,2.8265822086890453,0.7857142857142857,2.571005599287475,9
2013-14,CLE,33.0,24.0,-0.025372785740445297,3.7423869339475835,-0.8186396602978679,0.6636016480755703,-3.045893645424693,2.9040814160172177,0.7857142857142857,2.5229471223398416,10
2013-14,DAL,49.0,41.0,1.2398214954963984,7.15988238318957,5.3668751010357765,0.4515019115237575,-3.63895142288976,3.1120059624519003,0.7142857142857143,2.785277835214346,10
2013-14,DEN,36.0,57.0,0.6073937715137618,6.738887370687909,-1.3503704232893206,0.33411513859275055,-2.9130055229370435,2.2534054024275747,0.7142857142857143,2.4473772517787427,10
2013-14,DET,29.0,29.0,0.8708854883476764,5.1544105609150295,2.1855862540246864,0.5590379396583834,-3.570491955368015,2.593691231443616,0.7142857142857143,2.80571070954521,8
2013-14,GSW,51.0,47.0,0.11791330437821501,4.926521324006777,-3.914360675778948,0.6241379310344828,-2.991718540824602,3.1289655008581443,0.6428571428571429,2.5611199736466497,10
2013-14,HOU,54.0,45.0,1.5272133316979049,9.240142964139842,3.688340297001931,0.7141691152464904,-4.105732710342166,2.6335005329713987,0.5,3.185294629133512,9
2013-14,IND,56.0,49.60493827160494,0.20436073508583613,4.537944319118007,-1.3573083426029235,0.7360699152542373,-2.919809191621844,3.0435784064448534,0.7857142857142857,2.6765070000035807,10
2013-14,LAC,57.0,56.0,1.6509377332635253,11.752251273529001,3.197062665163294,0.6308731650327627,-3.8699870912155516,3.0935345014657085,0.5714285714285714,2.9376489971401396,10
2013-14,LAL,27.0,45.0,-0.2737569816707196,2.3158269496516644,-6.67644523741429,0.1951925562160765,-3.3662707300980097,2.717280113418903,0.5714285714285714,2.6684794847169253,8
2013-14,MEM,50.0,56.0,0.8697972280361919,4.683893725249918,4.217418283057832,0.7574667709147772,-3.8358010676617154,3.0352035975499856,0.7142857142857143,2.6628871081858594,10
2013-14,MIA,54.0,66.0,1.2634875697365013,10.19896310560747,0.7694442068251994,0.8521823870339027,-3.8632516638300536,2.9576442528781857,0.5,3.492244359242376,10
2013-14,MIL,15.0,38.0,0.16872415398709642,3.891485135224874,-0.5483179407734771,0.2925856518187497,-2.9644424411863355,2.3592057615538593,0.7142857142857143,2.4668487467135,10
2013-14,MIN,40.0,31.0,0.34872776005366174,5.742486137266635,0.6119322265619432,0.5280941125913193,-4.143816238658206,3.6820230340790925,0.7857142857142857,2.9048874786575736,10
2013-14,NOP,34.0,,0.42615393947422026,5.499959944683823,-0.9343906819603066,0.0,-4.100254336265998,3.0329693929866717,0.7142857142857143,2.776539324433329,10
2013-14,NYK,37.0,54.0,1.088945136037927,6.603522429882879,3.072154897346174,0.7231239577543079,-4.531557958401059,2.796461973164713,0.5714285714285714,3.343915934760391,10
2013-14,OKC,59.0,60.0,0.24545669895234803,3.8481322502932214,-2.9949579489283815,0.8078437388147467,-5.110860237169558,3.1405467290845945,0.5,3.6528389420554417,9
2013-14,ORL,23.0,20.0,-0.3519836190423646,2.7166257526087514,-5.1023837815075215,0.8109967589696935,-3.1524597926078175,2.8395832454511947,0.6428571428571429,2.5657195857007333,10
2013-14,PHX,48.0,25.0,0.05987932701585762,2.5120489388589116,-3.9692425857173763,0.39816457942503675,-2.890445402962975,2.6781834638540207,0.5,2.4636623188349858,8
2013-14,POR,54.0,33.0,0.8128940579024345,5.166234655565903,-2.0345587933390963,0.593778684344722,-2.9390657726250486,3.0222276540675277,0.6428571428571429,2.365421014111503,9
2013-14,SAC,28.0,28.0,0.5794442087655219,4.238136128457824,-1.0423019158371067,0.37040879850591407,-5.064547272884908,3.0973134910074793,0.42857142857142855,3.1003487845332964,7
2013-14,SAS,62.0,58.0,1.767671273553341,8.521705341411907,10.460402781618578,0.7751350228500208,-3.917623245603425,3.3341234181680766,0.7857142857142857,2.9997579522126365,10
2013-14,TOR,48.0,34.0,0.44553611535368354,6.314592785445272,-0.7776271895753575,0.541270608452822,-3.49167752652463,3.007916719097316,0.7142857142857143,2.8409629051710823,10
2013-14,UTA,25.0,43.0,0.5063105467270184,5.883996469875637,-0.2901920545094463,0.3993576017130621,-2.7350580581129518,2.4227746386359157,0.6428571428571429,2.478529446084372,8
2013-14,WAS,44.0,29.0,0.26057732732978445,4.1661670209107164,0.992764125858731,0.6915337150480849,-3.6963244164759947,3.31031577487261,0.8571428571428571,2.632747780736071,10
2014-15,ATL,60.0,38.0,1.1469120282578327,6.257630319988712,4.456130047057048,0.8257579657178155,-4.088921405338613,3.5136270705400334,0.6428571428571429,2.8999692647112107,10
2014-15,BKN,38.0,44.0,1.10958410420651,8.028913017828005,1.51093243514738,0.48004395823967233,-4.078501698130431,3.1877079371404955,0.7142857142857143,2.703477985112146,9
2014-15,BOS,40.0,25.0,0.03550080555841348,4.67768133988168,-2.269935383521706,0.47636005040267354,-3.6357595849547004,3.5272939087382187,0.8571428571428571,2.667368144160387,10
2014-15,CHA,33.0,43.0,-0.05825409416489923,2.632060237706318,-3.029503489906795,0.6059452411994785,-3.7418932990890195,3.04317352342542,0.7142857142857143,2.8035998490071328,10
2014-15,CHI,50.0,48.0,0.30860369097054713,3.575749289689359,-1.7006134728609354,0.7262649835578657,-2.754814782537439,2.4304476293651756,0.7142857142857143,2.3905381761099926,9
2014-15,CLE,53.0,33.0,1.4094225120423967,9.509955123368778,4.299334523289121,0.3299018434282978,-4.058693487202591,3.2740851653435086,0.7142857142857143,3.059368869420378,10
2014-15,DAL,50.0,49.0,0.9950772142591633,6.652120128281369,4.003315987287429,0.34106606210787155,-3.839091237064106,3.0196216590055878,0.7142857142857143,2.8292992043986147,10
2014-15,DEN,30.0,36.0,0.45654041073646806,5.931180281367075,-3.9573031427032195,0.6030783344375924,-2.730830231629893,2.452441722805017,0.6428571428571429,2.373275999669813,9
2014-15,DET,32.0,29.0,0.5677429431115372,5.0413743418204255,0.723942281046567,0.5218924637838425,-4.321788526206419,2.905655246140554,0.7142857142857143,2.993060688592807,10
2014-15,GSW,67.0,51.0,0.311845101569199,4.684585362721065,-0.549393242240884,0.798355278794505,-3.930582189111214,3.3085424692401357,0.7857142857142857,2.806615199541413,10
2014-15,HOU,56.0,54.0,1.8591123760319703,9.998425287489297,8.062289606276138,0.5199770198986786,-3.7297103506701643,2.8684366601945332,0.42857142857142855,3.172579585623692,10
2014-15,IND,38.0,56.0,0.4930375108864817,4.087502277528172,-1.066372865732402,0.5864070219195165,-2.9061799018261723,2.7143984601504947,0.5714285714285714,2.7087147870232484,9
2014-15,LAC,56.0,57.0,1.5648820539425803,10.964565493167422,3.4653782240205633,0.705755360384672,-4.9544033435305215,3.1827865088327045,0.6428571428571429,3.1346835320500728,10
2014-15,LAL,21.0,27.0,-0.27289491028944807,2.4635403600440795,-4.725365687558361,0.43748624257098834,-3.4528613283113536,2.813771213397095,0.7142857142857143,2.395102980345121,9
2014-15,MEM,55.0,50.0,0.9500120169809819,5.0556650199833175,4.315135799947322,0.6855753646677472,-3.3396368410699933,3.102874827216909,0.7142857142857143,2.5432915509542564,10
2014-15,MIA,37.0,54.0,1.278331211670051,8.474403642815085,-0.16230133278907544,0.48442834971546817,-3.738997072111012,3.263728117560021,0.6428571428571429,3.2780818475767384,9
2014-15,MIL,41.0,15.0,0.06991706589277777,3.6432616816864956,-1.517709503253386,0.47316894403434373,-3.365964304166395,3.044144679559657,0.6428571428571429,2.626786034796696,10
2014-15,MIN,16.0,40.0,0.31974890858371985,3.3359770711649936,-4.054812433080293,0.44658251231527096,-4.357942796501697,3.2936691505181286,0.5,2.8941764273168658,9
2014-15,NOP,45.0,34.0,0.5141339573970621,6.955816565448482,-0.3465711370610228,0.4779758246261012,-4.891265423708823,3.3279376027771845,0.6428571428571429,3.149935577940889,10
2014-15,NYK,17.0,37.0,0.6559024755684669,4.582583473638081,-2.1624713520014587,0.3336425648021828,-4.336596063464043,3.4686973648367334,0.7142857142857143,3.205021614079567,10
2014-15,OKC,45.0,59.0,0.47629992207949906,4.949820681381228,1.3040977942906906,0.5053585737179487,-3.861265462553259,3.1057062350160898,0.7142857142857143,3.0413191161566426,10
2014-15,ORL,25.0,23.0,-0.047640992131236,1.9083390515645386,-1.5441705816663123,0.5850111856823266,-3.3798766306603683,3.4659909400498723,0.7857142857142857,2.4943035490587926,10
2014-15,PHI,18.0,19.0,-0.5813975446828149,0.0450132803258112,-3.5870184232629607,0.31369460949244754,-5.012902316558839,3.1265065155160365,0.42857142857142855,3.1411201291679274,6
2014-15,PHX,39.0,48.0,0.3856927103435865,5.213467855426906,-0.30071248160693204,0.574228791773779,-3.05642284875058,3.1924518354828506,0.6428571428571429,2.548079210366522,9
2014-15,POR,51.0,54.0,0.8307277090809027,4.515393639684241,3.2805999791166385,0.790615458781938,-3.946821890437432,3.1722040357332904,0.8571428571428571,2.7330424959920987,10
2014-15,SAC,29.0,28.0,0.041772036128080434,4.0528804187514975,-2.036168182390554,0.7413338025690657,-4.060215278535238,3.0762223347925253,0.7857142857142857,3.060050867329559,10
2014-15,SAS,55.0,62.0,1.5881272370180597,8.50422784737632,8.473042133231859,0.8885405235930397,-3.059850158556896,2.96509334608906,0.7142857142857143,2.6725365689130625,10
2014-15,TOR,49.0,48.0,0.6394701752861198,5.812063324219364,0.6219101629087909,0.8272521636506688,-3.1253691456257786,2.674574661624172,0.7142857142857143,2.5146543222672793,10
2014-15,UTA,38.0,25.0,0.28875056425169726,2.8606589440769836,0.05788306872874249,0.5156934306569343,-3.0869602857051515,2.3597990257754233,0.5714285714285714,2.395659881300301,7
2014-15,WAS,46.0,44.0,0.21773738507291673,3.8244305135032857,-2.6551729860614284,0.579870680517278,-3.423158565020441,2.905910491977438,0.6428571428571429,2.724013418337412,10
2015-16,ATL,48.0,60.0,0.9380060060953181,6.39101921591543,1.3250731643939362,0.6885568023165624,-4.039258274790057,3.5267928336638934,0.5714285714285714,2.9924753568005076,10
2015-16,BKN,21.0,38.0,0.02563647721713216,3.0211990703687315,-4.093449523292942,0.46579885171253216,-3.8762943849771703,3.1036207617350096,0.7857142857142857,2.485045285122621,10
2015-16,BOS,48.0,40.0,0.6459555350842937,5.590531057048174,3.743794594523544,0.8621648136036625,-3.5457523392180295,3.4470368719633586,0.7857142857142857,2.4470935528963156,10
2015-16,CHA,48.0,33.0,0.3880553012154088,3.359348566994901,-0.38298810200102285,0.3883292633292633,-2.459614257318733,2.7974647114643387,0.7142857142857143,2.361656559097705,9
2015-16,CHI,42.0,50.0,0.8552126487519536,6.074012939213202,2.4729952543140294,0.8908565233104445,-2.9216333461585378,3.2550445238046373,0.9285714285714286,2.470200884426319,10
2015-16,CLE,57.0,53.0,1.3109075856843544,8.591774053742459,3.5612438310449153,0.7816810741217584,-3.5654118324334583,2.7331837935592853,0.6428571428571429,2.8528156324472738,10
2015-16,DAL,42.0,50.0,1.2869599738116029,5.997989702887331,5.237858220947608,0.43005616503070704,-2.7921031854634255,3.2804406356576954,0.6428571428571429,2.679877395313032,10
2015-16,DEN,33.0,30.0,0.24388102759092758,4.439685285940719,-5.687530460893617,0.5199331582716639,-2.8512538228887054,2.500537291999932,0.7857142857142857,2.5005066083897,9
2015-16,DET,44.0,32.0,0.5525284924129329,4.563130797738834,-0.614064314379748,0.47436589314624933,-3.987222842918589,2.323919326456668,0.7857142857142857,2.539387394375309,8
2015-16,GSW,73.0,67.0,0.8668822103661074,6.3740657481935346,2.4998867967867935,0.8927216998285625,-3.8503180647515816,3.315723732941066,0.5714285714285714,3.110482728436035,10
2015-16,HOU,41.0,56.0,1.3570384387902514,7.310133480396711,5.0407790712513645,0.8093031707095485,-3.7303976588555567,2.77248585161985,0.5,2.961780389046644,9
2015-16,IND,45.0,38.0,0.36042630044829665,5.070079398906131,-0.495160395660318,0.49211324050762983,-3.298729198940507,3.095285613726848,0.8571428571428571,2.531510383777038,10
2015-16,LAC,53.0,56.0,1.2151795122547768,11.463663057210864,0.44634537466624524,0.6860831706950908,-4.461788778480105,2.860754183414976,0.6428571428571429,3.086960175249709,10
2015-16,LAL,17.0,21.0,0.33673710341130725,3.6401745104006866,-0.971825201200119,0.30513806361412094,-4.476392088407803,2.7468872655115075,0.8571428571428571,2.906617509574419,8
2015-16,MEM,42.0,55.0,1.0940263237795422,7.196721886096507,5.126153365877629,0.5166597467303301,-3.529952850935988,3.1305798982941315,0.5,2.8352964212621337,10
2015-16,MIA,48.0,37.0,1.012677480876656,7.47534316409252,3.3960291873712305,0.5544347266190911,-3.2807595502273075,3.1455331646556948,0.5714285714285714,3.0427032525256124,10
2015-16,MIL,33.0,41.0,0.14549003224095006,2.361951896081362,-0.07786476662082464,0.6882566585956417,-2.596646833018148,2.412159695936072,0.7142857142857143,2.6304984739395816,10
2015-16,MIN,29.0,16.0,-0.785681539619623,4.069200511167094,-8.482741511221999,0.579177897574124,-3.3429135727598744,2.9787522327618525,0.6428571428571429,2.592956835541682,8
2015-16,NOP,30.0,45.0,0.43573935679140396,7.312107387796326,-1.3988781392866865,0.8409667919163197,-4.4740952026213625,3.4055453972078094,0.7142857142857143,3.112942861193878,10
2015-16,NYK,32.0,17.0,-0.20640243375232561,4.07000322066661,-5.680142501995158,0.32094133697135063,-3.6092360714085836,3.0417731557753327,0.7142857142857143,2.546278108977474,9
2015-16,OKC,55.0,45.0,0.3515106918321221,3.9839028677575774,0.4092110525885241,0.7807167235494881,-5.221712865485531,3.014149325707592,0.6428571428571429,3.2035048500095735,10
2015-16,ORL,35.0,25.0,0.22515446414939275,4.571726750412408,-0.6378080611263437,0.516549854197575,-4.2733579966739015,3.4320767879605567,0.7142857142857143,2.8016417059042342,10
2015-16,PHI,10.0,18.0,-0.07465947486556367,2.344905060917488,-3.803569365910864,0.5642615904206325,-4.097565040169302,3.51415850614197,0.5714285714285714,2.6620534476917617,9
2015-16,PHX,23.0,39.0,0.6781608263583419,4.458322183457346,1.0312667510258027,0.5158336091801832,-3.233800184196201,2.4262804731517393,0.7142857142857143,2.7147974754848248,10
2015-16,POR,44.0,51.0,0.7854702624526544,5.8110411032786935,1.3508191536334166,0.25506320191720316,-3.142229457512062,2.6731933592585535,0.7142857142857143,2.7799046800851195,10
2015-16,SAC,33.0,29.0,0.29888894745632405,3.5644888859876813,-0.6689828133764616,0.5103105841819933,-4.113668802544637,3.06519102633082,0.8571428571428571,3.0379487767268354,9
2015-16,SAS,67.0,55.0,1.167564063407959,7.931868881071228,4.253633823391706,0.642838161041722,-3.5834848898758795,3.4397786734346987,0.5714285714285714,2.7091155108187746,10
2015-16,TOR,56.0,49.0,0.6427393258395435,6.061694893119067,0.937155271185679,0.6345475300954753,-4.034406402334421,3.3320019260837643,0.7857142857142857,2.67640932577374,10
2015-16,UTA,40.0,38.0,0.7505092503131608,5.437933569977948,1.3401944303740403,0.846106338779406,-3.82310921508592,2.35285944425256,0.7857142857142857,2.728627068401768,10
2015-16,WAS,41.0,46.0,-0.07120821186898207,2.8357995395822977,-3.1170719933994278,0.6065565280439174,-3.5187582445576764,2.8620392818001688,0.7142857142857143,2.628551884985298,10
2016-17,ATL,43.0,48.0,1.198128959161846,6.781682055951291,2.845092646409974,0.48998351401308887,-4.287779279371517,3.064721588625212,0.6428571428571429,2.8463184073793375,10
2016-17,BKN,20.0,21.0,0.7301058444638171,4.726368293014836,0.9388033337665169,0.2184834123222749,-4.43537152202085,3.136676317136231,0.6428571428571429,2.774606172918803,9
2016-17,BOS,53.0,48.0,0.877627402227916,5.104633014970864,3.406218972600474,0.7727840199750312,-3.662261700726051,3.6067635329035337,0.7142857142857143,2.5114169375356723,10
2016-17,CHA,36.0,48.0,0.4138287093138867,3.3166223013882377,0.3851961844333036,0.6391326794011358,-2.956758648707959,2.54602396542585,0.7857142857142857,2.3397771145697313,10
2016-17,CHI,41.0,42.0,0.7101240035749321,5.857100714039962,0.4010885134831832,0.27212089630015635,-3.8501060895008052,3.2390972850478823,0.5714285714285714,3.027481400669769,10
2016-17,CLE,51.0,57.0,1.5049580984498145,8.44051544246352,5.14218007267895,0.6483533238463103,-2.663771622756586,2.8907935395402102,0.5,2.8571952378587997,10
2016-17,DAL,33.0,42.0,0.7625698694965584,5.792743554858541,0.5993919537880958,0.4644655557285989,-4.0251275998537475,3.4967187369142567,0.42857142857142855,2.7188873475369113,8
2016-17,DEN,40.0,33.0,0.4947841092848826,9.579740181401412,-1.1095495881569728,0.7889814565976888,-3.5769690032202743,3.2724383419624195,0.7142857142857143,2.915213481598241,10
2016-17,DET,37.0,44.0,0.006017945985251718,2.9133136764621415,-1.6989762759570404,0.8543648277319805,-2.7625645353253967,2.4409460414860495,0.8571428571428571,2.589840540452444,10
2016-17,GSW,67.0,73.0,1.5022009805639938,8.83714459670293,4.222840958421758,0.6084554164343285,-4.431318071692585,3.560615050056939,0.5714285714285714,3.780989437155615,10
2016-17,HOU,55.0,41.0,1.7642092885616876,8.099965527622501,5.08171410984959,0.552928845929894,-4.0218904959661295,2.6614662244524516,0.5714285714285714,2.8658584483152842,8
2016-17,IND,42.0,45.0,0.35945067046326523,3.4575940335687934,0.29881205411850376,0.5658423803779654,-3.3333711735552702,2.7888935957993586,0.5714285714285714,2.7359386888410824,10
2016-17,LAC,51.0,53.0,1.1896845545327874,11.12254595711952,-0.8646792384201376,0.7436746987951808,-4.676479702500128,2.716080744137342,0.42857142857142855,3.22010187625409,10
2016-17,LAL,26.0,17.0,-0.31769508771876837,1.7141806111334517,-2.152631364430487,0.484080370942813,-3.0613392155801846,2.9975505266660822,0.8571428571428571,2.6005778864258122,10
2016-17,MEM,43.0,42.0,1.0310777979547632,5.895468502017397,4.158994654739168,0.5596516690856314,-3.169981353819599,3.0803326651332745,0.7142857142857143,2.7218995313544427,9
2016-17,MIA,41.0,48.0,0.3809625162357627,6.926900908165737,1.8607246399502728,0.40523150090921806,-2.8088565568010537,2.1329149922068273,0.7142857142857143,2.6155900211346728,10
2016-17,MIL,42.0,33.0,0.23289023571954326,2.9290642508527416,0.749471502421857,0.5237255692121701,-3.4729602120155416,2.870425454203313,0.7142857142857143,2.554247607860643,10
2016-17,MIN,31.0,29.0,0.6180648019232512,6.078543055019406,2.7119792187093346,0.830439336310016,-3.2659038308156276,2.8197304191634416,0.6428571428571429,2.6220160999949793,10
2016-17,NOP,34.0,30.0,0.8543757962667584,7.771241826599372,0.3127414657804591,0.47329400941609395,-4.370912001355841,3.090822211353472,0.6428571428571429,3.5114921073385075,10
2016-17,NYK,31.0,32.0,0.27008931144537496,4.050952342538464,-1.9292622672641202,0.3890604095914377,-3.1588370053768613,3.332338815313653,0.6428571428571429,2.7875517257238793,9
2016-17,OKC,47.0,55.0,0.5251583579063462,4.632629606502027,-1.219214939483535,0.39777337951509156,-5.648828352673808,3.0854811169247474,0.7142857142857143,3.2908667015395023,8
2016-17,ORL,29.0,35.0,-0.007367320243256978,2.965798337611837,-0.7664760230545098,0.5586942875078468,-3.68556184391368,3.2110721045941393,0.7857142857142857,2.5274657261907265,10
2016-17,PHI,28.0,10.0,0.06503001398331307,4.093898168781346,-2.6513187785293866,0.3909492500513663,-4.561737622834559,3.0060505520361103,0.7142857142857143,2.751698315829338,7
2016-17,PHX,24.0,23.0,0.29692693064891706,4.0482101419080285,-0.46667880909789605,0.5088214913917168,-4.175016222752284,2.7242617676573904,0.8571428571428571,2.542043140330266,8
2016-17,POR,41.0,44.0,0.12582399153613688,3.8320551187901524,-1.5087982562706235,0.7959967236613085,-3.7116004188361353,3.083697416264422,0.7142857142857143,2.5836498591908885,10
2016-17,SAC,32.0,33.0,0.10696644982448014,2.543299242930596,0.28072784258674943,0.4567951733306064,-3.233215592544246,3.2394621130322228,0.7142857142857143,2.444261537671652,10
2016-17,SAS,61.0,67.0,1.4436614486467987,7.866700219461163,5.390070264308113,0.6649147797043077,-4.1035830696314255,3.343878828216326,0.7857142857142857,2.9161695175069453,10
2016-17,TOR,51.0,56.0,0.9387389878611293,6.489292167820867,3.1465235578239827,0.6600092893636786,-4.292099929364616,3.3246839157940853,0.7142857142857143,2.7646316136404794,9
2016-17,UTA,51.0,40.0,0.7616324682013456,5.598404503639406,1.7426476623545504,0.6567871364484097,-3.6454283619064443,2.7814827842478267,0.7857142857142857,2.5525466483038013,10
2016-17,WAS,49.0,41.0,-0.15969129256736517,2.2707765444669126,-3.2050708117323117,0.5741274103002196,-3.042760363120859,2.7594368582853557,0.6428571428571429,2.6141125777495113,10
2017-18,ATL,24.0,43.0,-0.08938482363819378,2.06519757293152,-3.03651769771319,0.3876371473354232,-4.535477615623199,2.377651632199871,0.5714285714285714,2.6926220415243307,7
2017-18,BKN,28.0,20.0,-0.07155812330044202,3.4435270557999273,-1.7690420018237925,0.34033423667570006,-2.8445940561183836,2.765807045551794,0.5,2.423659466703704,10
2017-18,BOS,55.0,53.0,0.6436501362285875,4.572034088889757,-0.7477068214027127,0.37136811683955206,-3.7162258311310485,3.042283666904865,0.7142857142857143,2.558257299423975,8
2017-18,CHA,36.0,36.0,0.5385649107270237,5.387134900505664,1.1621865284467334,0.8094796046524327,-3.5891284019032783,2.5264497729262914,0.8571428571428571,2.6892988887089677,10
2017-18,CHI,27.0,41.0,-0.54957063331307,1.010462874184559,-4.5707538099620075,0.3345695364238411,-3.6211476830168237,3.2928613952633508,0.6428571428571429,2.6128981172427648,10
2017-18,CLE,50.0,51.0,1.0723471450882935,8.442785127207957,1.9669566210894813,0.4863003663003663,-3.9278676049331533,3.375060772711005,0.7857142857142857,3.029082120950815,10
2017-18,DAL,24.0,33.0,0.32395601721947936,4.734362681978509,0.8148437587393351,0.7552548388885808,-3.2933133427484744,3.0243296152229795,0.6428571428571429,2.7059763528124026,10
2017-18,DEN,46.0,40.0,1.3192539691899319,9.950903049464817,2.920104702249443,0.6253324950428012,-2.7778268857630852,2.475099095198183,0.6428571428571429,2.621889990331156,10
2017-18,DET,39.0,37.0,0.57179264122992,6.925260402146856,0.1602798429237472,0.377776605286762,-3.443802246310119,2.743076901262482,0.7857142857142857,2.7130791221102872,10
2017-18,GSW,58.0,67.0,1.486206168712384,9.476656601640444,3.009884403633805,0.7822969937389476,-4.185007272771238,3.9944674136566993,0.5714285714285714,3.263584607739035,10
2017-18,HOU,65.0,55.0,1.3952004815059986,10.80314014846649,3.3267203375255416,0.64545,-3.672939951733365,2.7065542200803647,0.42857142857142855,3.019719960297183,10
2017-18,IND,48.0,42.0,-0.05032575416441703,1.953474596072489,-1.408336237915702,0.2961714048557792,-2.910564403941104,3.7083599787771635,0.5,2.442916776640444,10
2017-18,LAC,42.0,51.0,0.9739863488769814,7.0814802416027804,0.2824413986606752,0.2840048074410827,-3.4936537742050104,2.0810522865602663,0.5714285714285714,2.8708898043473194,9
2017-18,LAL,35.0,26.0,0.4271353277674612,6.076793843264359,-3.6704890953531555,0.30584642233856896,-3.967815061729807,3.138836648015387,0.7857142857142857,2.9045948741483953,8
2017-18,MEM,22.0,43.0,0.23437223847942798,3.9131122579231725,-2.468520482567434,0.39315369368404135,-4.09393667213979,3.2518050418618154,0.5714285714285714,2.732382629027605,8
2017-18,MIA,44.0,41.0,0.8120946961787833,4.438636231288539,3.6134745630791825,0.7833589160006351,-3.8001425702139495,2.611364909182211,0.7142857142857143,2.7738402217105187,10
2017-18,MIL,44.0,42.0,0.5824346422770396,3.879511391288154,2.9751837338335165,0.6712819063765659,-3.6317750734546013,2.930910915257429,0.9285714285714286,2.858807223778633,10
2017-18,MIN,47.0,31.0,0.6154094618128155,6.316023761058674,1.1431150950972477,0.5356910284025447,-3.0335645950335937,3.0305816033885535,0.5714285714285714,2.793212198446725,10
2017-18,NOP,48.0,34.0,1.4480912849406056,8.324927013395783,1.309470536590452,0.5256711121286703,-3.8285671619470794,2.487343111539725,0.5,3.5195243593211973,9
2017-18,NYK,29.0,31.0,-0.12978748695788006,2.589862998295746,-4.925062670688971,0.3853325046612803,-3.803486617444331,2.975331771780253,0.7142857142857143,2.699145113383108,9
2017-18,OKC,48.0,47.0,1.0093607405957692,5.989390825456676,3.1029356009276805,0.5073963018490755,-3.7189450092691123,2.412050509305862,0.7857142857142857,3.062729895761438,10
2017-18,ORL,25.0,29.0,-0.028578244457532244,2.327948015808291,-1.3626740530933623,0.642895471131144,-3.495883087462098,3.168123734735309,0.7857142857142857,2.4668203215753244,10
2017-18,PHI,52.0,28.0,0.39591343967489656,5.004539659660717,0.935512407066317,0.5780825088236996,-2.539285257755625,3.356318065490417,0.35714285714285715,2.702989098422268,10
2017-18,PHX,21.0,24.0,0.044812652566641555,3.378660736978212,-1.2133740646531272,0.6602303711535251,-4.7005482551091395,3.0320276979464573,0.6428571428571429,2.9502699398489627,10
2017-18,POR,49.0,41.0,0.6007406021258381,3.795748511518368,0.983094785582987,0.7447919470312753,-3.6652357418238832,2.8679811719731862,0.6428571428571429,2.694170015785326,8
2017-18,SAC,27.0,32.0,0.14738460987630672,2.5758670939518993,-1.1755390982232208,0.3843184166168234,-2.223404131705666,1.8581650053385432,0.6428571428571429,2.4615166253556553,7
2017-18,SAS,47.0,61.0,1.0581577430039677,6.719081611224248,4.368979282611755,0.6469156702994392,-2.940753370227218,2.8304152390441883,0.5714285714285714,2.556700860997113,10
2017-18,TOR,59.0,51.0,1.1125166780991587,8.530358504673977,4.548985264006071,0.6403038635410355,-5.108015740667472,3.082566856567226,0.7142857142857143,3.2985408165507577,10
2017-18,UTA,48.0,51.0,1.5919284614074987,6.557173087239107,3.944399484886257,0.33863718551428423,-5.00255433252236,2.4259213242343742,0.5714285714285714,2.970690613637123,8
2017-18,WAS,43.0,49.0,0.14703262651999363,3.703943605133151,-1.9811120840739385,0.7189135535101967,-4.036726515330972,2.9879354929887105,0.8571428571428571,2.762626622163186,10
2018-19,ATL,29.0,24.0,0.44418091135388255,3.8416299799605516,-1.5867703471265509,0.49696932211776346,-2.6739631274340203,2.177297164867102,0.7142857142857143,2.567550060395391,8
2018-19,BKN,42.0,28.0,0.5243583828751031,3.398985651828797,2.490363994071281,0.8144096567333082,-3.3067989878537363,2.7829067139505392,0.9285714285714286,2.398460785014688,10
2018-19,BOS,49.0,55.0,0.3929672419714589,5.867598649178925,-0.3225887288801025,0.8821334946561806,-3.3449462867766315,3.585229578436372,0.7142857142857143,2.522709843878396,10
2018-19,CHA,39.0,36.0,0.026062017579977042,3.210492533681564,-3.2543770504956666,0.6815394919882529,-3.3725191225617595,3.029327361894966,0.7142857142857143,2.5162460608306296,10
2018-19,CHI,22.0,27.0,-0.07503744898282845,1.3326014443775778,-3.874462318848309,0.3591298891445304,-4.364349666376557,3.4273908872794614,0.7142857142857143,2.7783975868859914,8
2018-19,CLE,19.0,50.0,0.5129032181506659,5.050865174794596,-0.48470936042774354,0.3399776831000203,-3.348227720601571,2.9505288975719512,0.7142857142857143,2.743780386651294,10
2018-19,DAL,33.0,24.0,0.5009423285650965,5.967569666665469,-0.04363010480734242,0.3525009033190523,-3.3054783405564976,3.06799567294209,0.6428571428571429,2.8047036889974706,10
2018-19,DEN,54.0,46.0,1.3010620166486087,9.558281659483402,0.5922586015183403,0.7854519116353665,-3.210303581973842,2.9632140300526775,0.6428571428571429,2.581813902936042,9
2018-19,DET,41.0,39.0,0.8075589287993622,5.669563324916946,1.314261699212055,0.5127364438839849,-4.10983077271576,2.5855411753896713,0.6428571428571429,3.149096365213605,10
2018-19,GSW,57.0,58.0,1.856884016094085,10.905375940543205,7.29869213268015,0.6729633401221996,-4.57993101369862,3.4954485794341035,0.35714285714285715,3.785320879564495,10
2018-19,HOU,53.0,65.0,1.7323006918032158,11.591326055655617,3.3484403220792425,0.6323477560066488,-4.408567649251742,2.664555171573162,0.7142857142857143,3.433991509699793,10
2018-19,IND,48.0,48.0,0.16698461656140104,2.921102257579429,0.25023094110121435,0.7746176147155853,-3.1782010279928836,3.4645961200584803,0.7142857142857143,2.500251308914495,10
2018-19,LAC,48.0,42.0,0.3390614487562109,4.99474959051217,-1.6815995927619434,0.2684683789557355,-4.098979506799723,2.8358902760151845,0.7142857142857143,2.682590063436536,9
2018-19,LAL,37.0,35.0,0.28047713750978376,6.180873911296569,-1.7793197167813086,0.5853233397245947,-3.793645795728804,3.685645823584033,0.5714285714285714,2.927742453693211,10
2018-19,MEM,33.0,22.0,0.5624234059196562,4.588480213392408,1.931985049283234,0.07146240378922439,-2.965294720731533,2.659142493847557,0.5714285714285714,2.780702411600729,10
2018-19,MIA,39.0,44.0,0.5585504749843876,4.274669933949674,1.239126325698657,0.7650393392953135,-3.1850895810043864,2.8640083251862563,0.7857142857142857,2.610903448131687,10
2018-19,MIL,60.0,44.0,0.8251431703576714,5.184525392157981,4.0202698951659706,0.5973723684891119,-3.282615694181142,2.4227075408498364,0.7142857142857143,2.720606256631008,10
2018-19,MIN,36.0,47.0,0.6716768136091755,5.843294820385536,1.385616910481351,0.7101127080963706,-3.7428956502386193,3.4572966934298237,0.7142857142857143,2.7307335240094206,10
2018-19,NOP,33.0,48.0,0.5455033581172511,5.6617407042595405,-3.052081700860823,0.6582094376212023,-3.6020197277582247,2.821425660685544,0.7857142857142857,3.1769470106597537,9
2018-19,NYK,17.0,29.0,-0.5344443674238123,1.9775652486814188,-8.781270981793497,0.26946074007220217,-4.3583255802129734,2.06694230368165,0.5714285714285714,2.974825730538717,8
2018-19,OKC,49.0,48.0,0.9260304051128271,5.715820169484624,2.327928135187041,0.6488761263491435,-4.422706094475868,2.553541992415802,0.7142857142857143,3.1604402543939827,10
2018-19,ORL,42.0,25.0,0.3235361749476009,2.7244022001732944,-1.4796727517615915,0.5566339410939691,-3.311819155430291,3.4780407777595213,0.7142857142857143,2.4059460107325847,9
2018-19,PHI,51.0,52.0,1.002011614692961,7.164621121721578,2.9837971902843887,0.45558129639260553,-4.196684444037992,3.113649887854432,0.6428571428571429,3.3620840832768772,10
2018-19,PHX,19.0,21.0,-0.27419515979915626,2.9025510969464277,-4.033483427993929,0.5161962796664529,-3.8216965405590146,3.257455130592372,0.7142857142857143,2.56032969434982,9
2018-19,POR,53.0,49.0,0.29302246163631407,4.433162584826951,-0.23735541882905142,0.7582701307084073,-3.438366788374087,3.0200131173897082,0.5714285714285714,2.9281273219347193,10
2018-19,SAC,39.0,27.0,-0.26297351438668237,2.047070200484573,-2.1192198664695727,0.5507725640002281,-2.985179231287753,3.2413152764998303,0.7142857142857143,2.3843291034090734,10
2018-19,SAS,48.0,47.0,0.5438783949898051,4.558018063087832,-0.015885172505648137,0.4388698452269658,-3.9874026521532002,2.8267899746720726,0.5714285714285714,2.9906660969424532,9
2018-19,TOR,58.0,59.0,1.1946997523995595,9.95793624216652,3.701409780259814,0.5306488843293152,-3.454983412089776,3.0602756993102394,0.7857142857142857,2.731464288880168,10
2018-19,UTA,50.0,48.0,1.2892817820283489,6.380553051544863,5.27830513964417,0.8418308227114716,-3.61890936762548,3.067184071421069,0.8571428571428571,2.691700769295804,10
2018-19,WAS,32.0,43.0,0.3732008782135376,4.1770256006482125,-0.759151359835496,0.37284348368322595,-4.14061776733664,3.300768593424769,0.7142857142857143,2.738500138104443,10
2019-20,ATL,24.47761194029851,29.0,0.549943820547475,5.8652697325892085,-0.16493728378004535,0.6361323155216285,-3.772989794878187,2.6246133102767306,0.5714285714285714,2.8509952774413803,9
2019-20,BKN,39.861111111111114,42.0,0.773936846005052,7.01715692086756,0.3200590919161389,0.38875243066216353,-2.506495959129183,2.4215374301924517,0.7142857142857143,2.5198083524812946,10
2019-20,BOS,54.666666666666664,49.0,0.7720545593228741,5.482963522947834,0.04686805539375438,0.5277054667162514,-3.914859236411931,2.7912735090527963,0.6428571428571429,2.5495741271942958,8
2019-20,CHA,29.015384615384615,39.0,-0.3921619616722056,0.5802216141757814,-4.252854025109794,0.41735281519204226,-2.3478257690255804,2.3589900334930243,0.7857142857142857,2.203208721887927,8
2019-20,CHI,27.753846153846155,22.0,0.2253704810084648,3.699023512694732,0.13036262221166095,0.6040885860306644,-3.7986263045810476,3.9195169842374686,0.5714285714285714,2.766535799081856,10
2019-20,CLE,23.96923076923077,19.0,0.21390329593436977,6.904919970837083,-2.996957742648515,0.5516516867047975,-4.602359455678172,2.4563002270913445,0.6428571428571429,2.9395970659366495,9
2019-20,DAL,47.013333333333335,33.0,0.5474363634499964,6.16617035716905,0.35315020227837934,0.733560025358769,-3.780690230256943,3.1818622339929084,0.7142857142857143,2.5493190319000503,10
2019-20,DEN,51.67123287671233,54.0,1.4090251756687215,9.619240130430903,2.3137939613091874,0.7734858331167144,-3.2005109265044456,2.6096842694758173,0.7857142857142857,2.5770516260582537,10
2019-20,DET,24.848484848484848,41.0,0.01816576560955016,3.324225720778517,-5.894718911555103,0.4640886936961063,-4.287930144832301,2.5194603605391825,0.5714285714285714,2.797699983871979,9
2019-20,GSW,18.923076923076923,57.0,0.4350238419929816,4.445605501251823,-1.733917623586252,0.1085413929040736,-3.759129932053697,2.437895518749835,0.2857142857142857,2.656716089737569,5
2019-20,HOU,50.111111111111114,53.0,1.4486720491412681,10.240126267038512,3.8500233195170237,0.6604573678630925,-4.361604282853929,2.46097850373324,0.5,3.3360682915613156,10
2019-20,IND,50.54794520547945,48.0,0.38075323580821985,2.465127738194828,2.2367498286775334,0.3480096205762529,-3.546000566909726,3.5102095187107425,0.7142857142857143,2.6471644659192557,10
2019-20,LAC,55.80555555555556,48.0,1.1878201552238683,8.399973520585071,3.184656005392725,0.48947177815717313,-3.511771734544439,2.898408337322151,0.7857142857142857,2.728113553084195,10
2019-20,LAL,60.056338028169016,37.0,0.7322412982940062,10.962170118952155,-2.6091894704851164,0.45751569858712715,-4.316731367662334,3.2224830863267218,0.7857142857142857,2.840068701710136,10
2019-20,MEM,38.19178082191781,33.0,0.850439109950357,5.246163495549952,-0.9932286388815075,0.21837078651685393,-3.773423563601354,2.7590650368751386,0.5,3.0339949559514077,9
2019-20,MIA,49.42465753424658,39.0,1.1979960481894054,6.986648005432724,2.439700895812515,0.3301085550368412,-3.8191354292696746,3.5493456251698645,0.7142857142857143,2.570481610070467,9
2019-20,MIL,62.9041095890411,60.0,0.838384182779389,5.9080028807926155,2.515635069849275,0.5514447119837007,-4.102432429759714,2.9463300560756887,0.6428571428571429,2.878808292135861,10
2019-20,MIN,24.34375,36.0,0.5183923241421174,4.4547206872501075,-1.8065667636105474,0.22350734604563927,-4.826557355363761,2.599919447281752,0.5714285714285714,2.6105744611469817,8
2019-20,NOP,34.166666666666664,33.0,0.18669028759801104,3.4949459394130327,-1.3040533705297692,0.38956444837497234,-3.0935924264531125,3.343711164359979,0.7857142857142857,2.6492066067066102,10
2019-20,NYK,26.09090909090909,17.0,-0.005164474310484464,5.483410180362625,-0.769974374839715,0.39149078353845296,-3.9806677306975096,3.008959060159583,0.6428571428571429,2.868157826280055,10
2019-20,OKC,50.111111111111114,49.0,0.8985685702116032,6.562083482712464,2.491604629591103,0.45963385354141656,-2.9208889292001743,2.8133122790815768,0.5714285714285714,2.6732786406619455,10
2019-20,ORL,37.06849315068493,42.0,0.2338114650509241,3.911881419310296,0.47610889264797585,0.9179223056270889,-3.7110567364225693,3.6357326195647324,0.7142857142857143,2.6350584035164903,10
2019-20,PHI,48.3013698630137,51.0,0.8013169232219963,5.940108243817805,0.8775555867306704,0.4686736014572648,-3.866132088150447,2.765776196622503,0.6428571428571429,3.3028584568914834,10
2019-20,PHX,38.19178082191781,19.0,0.08823605730376359,2.3811787912197366,-0.9180204509893388,0.4975662243172619,-3.5608658008249456,2.735410714183032,0.7142857142857143,2.707633528012365,10
2019-20,POR,38.78378378378378,53.0,0.7456217471543376,5.728229848476037,-2.1769052929159995,0.3384937836421664,-4.4671021172086895,2.8857504350485357,0.7142857142857143,2.6551036736069036,7
2019-20,SAC,35.30555555555556,39.0,0.2613077106367406,4.125476347213429,0.1670304871703832,0.574321608040201,-3.2354137790303232,3.0319027426294722,0.6428571428571429,2.4993777697983472,10
2019-20,SAS,36.95774647887324,48.0,0.5123137208982624,4.872229435936619,1.6303414866885233,0.8637790666737615,-3.6881687224275312,3.072548249631089,0.35714285714285715,3.189879962064447,10
2019-20,TOR,60.361111111111114,58.0,0.8401128657438875,5.522718066998828,-0.21923833425918327,0.7025657104039296,-3.5653430270171578,3.0135569781388667,0.5714285714285714,2.9042672111520544,9
2019-20,UTA,50.111111111111114,50.0,0.8954597399242151,7.832803291663928,-0.9349673741751526,0.5156298681067608,-4.0315275835933315,2.3799903666836566,0.5,2.721924675389934,9
2019-20,WAS,28.47222222222222,32.0,0.7529573332557895,4.593331201174155,-1.8014456188001984,0.31001401315080307,-4.735647946513109,3.103330305397484,0.42857142857142855,2.933605731335516,8
2020-21,ATL,46.69444444444444,24.47761194029851,0.33547787623742104,7.099605401863797,-0.7244585850888108,0.5577215189873418,-3.709740752240473,2.8973617033258146,0.7142857142857143,2.9655573958163473,10
2020-21,BKN,54.666666666666664,39.861111111111114,1.085084961096981,8.807077943605298,0.6650851717240616,0.3350354439504986,-4.483339862252274,3.2597316956390308,0.5714285714285714,3.1627530571518907,10
2020-21,BOS,41.0,54.666666666666664,0.17829833225583477,2.7989531818179154,-2.2280103570456644,0.6180798004987531,-3.3445663764687343,2.8051844713523653,0.6428571428571429,2.5507438055521563,8
2020-21,CHA,37.583333333333336,29.015384615384615,0.1766248192309749,2.595655517376434,-0.22128393219265452,0.9133909758046937,-2.36890748930303,2.4499670874527437,0.7142857142857143,2.3715032984995585,10
2020-21,CHI,35.30555555555556,27.753846153846155,0.3716945045641076,4.983368455807309,0.16136760546187784,0.6501819161838027,-3.382723162152874,3.4703435680137718,0.7142857142857143,2.569020822041742,10
2020-21,CLE,25.055555555555557,23.96923076923077,-0.19393258375545616,5.918681790143269,-7.149381564280685,0.5781141156354885,-4.120596298188066,2.625567576965813,0.7857142857142857,2.5009627347160412,8
2020-21,DAL,47.833333333333336,47.013333333333335,0.9742528330996746,7.717615451321338,2.3276583478224158,0.6472818541065898,-4.103086433835364,3.042419707537374,0.6428571428571429,3.0227733956830924,10
2020-21,DEN,53.52777777777778,51.67123287671233,1.2518869655367468,9.84040981145861,2.902131122247273,0.5701905417814509,-3.3605782934328134,2.7742184244197414,0.6428571428571429,2.6188839955850742,10
2020-21,DET,22.77777777777778,24.848484848484848,-0.32970780796529725,2.820467598028911,-8.296087510263002,0.055133079847908745,-3.9521378623854884,3.036951227513741,0.6428571428571429,2.6805495719936254,9
2020-21,GSW,44.416666666666664,18.923076923076923,0.06072138197835654,7.62110448836798,-3.1502151055346457,0.7058320668693009,-3.2626670075514985,3.648721179583921,0.6428571428571429,2.4048037817598,9
2020-21,HOU,19.36111111111111,50.111111111111114,0.5600897115957636,6.643624682752155,-2.3169848849035675,0.16314822035314433,-3.6747845335297153,2.9481271527943034,0.5714285714285714,2.4725259846194683,9
2020-21,IND,38.72222222222222,50.54794520547945,0.284910546320362,2.3366477125149814,0.21626643869044448,0.7879316358562958,-3.29737796061564,2.7355660312446326,0.7142857142857143,2.7201916688675043,10
2020-21,LAC,53.52777777777778,55.80555555555556,0.8222176012974974,7.293448744643047,0.20876794035360868,0.564540371550532,-4.201325871955208,3.1325056077189593,0.6428571428571429,2.9302588848923974,10
2020-21,LAL,47.833333333333336,60.056338028169016,1.0911420598002026,10.01614938723389,0.16863056327397274,0.5280194094325108,-3.726401551461497,2.7079347043482054,0.7142857142857143,3.206046108297404,10
2020-21,MEM,43.27777777777778,38.19178082191781,0.4576218117515062,4.968273878257086,-0.9300481217991388,0.7429508610357661,-4.006321958158884,2.9394869300498905,0.5714285714285714,2.8803282216375083,8
2020-21,MIA,45.55555555555556,49.42465753424658,0.7224518643065979,6.124628572881628,1.6776577219386533,0.6221689315214495,-3.3190313889987815,2.6918132106860497,0.5714285714285714,2.9038733633770453,10
2020-21,MIL,52.388888888888886,62.9041095890411,0.645937346180076,5.752031917716865,1.177703226858905,0.4716981132075472,-3.7284639113424265,2.666770025677584,0.5714285714285714,2.826661319650617,10
2020-21,MIN,26.194444444444443,24.34375,0.6726851277047253,9.112910091869686,0.9639884646875136,0.8100781928757602,-3.615913974499131,2.947283515958041,0.6428571428571429,2.7534351123065077,10
2020-21,NOP,35.30555555555556,34.166666666666664,0.7552822860679806,6.026142741011078,1.333626761172904,0.47471423623138204,-4.102238392058724,3.054308765265802,0.6428571428571429,2.885256891536419,9
2020-21,NYK,46.69444444444444,26.09090909090909,0.39278003090916297,7.089442641828683,-0.4786817619729671,0.610750573582432,-4.154477237754869,2.734633070608465,0.6428571428571429,3.3844184387569087,10
2020-21,OKC,25.055555555555557,50.111111111111114,0.3314704548881331,4.364114094893246,-1.4739635026789244,0.2943694631072002,-3.8218682285525922,2.9641821784825395,0.6428571428571429,2.56580105462527,8
2020-21,ORL,23.916666666666668,37.06849315068493,0.16007936359046607,4.2556654370314835,-2.788398632337869,0.273462965044397,-3.1840801740237525,2.823337635689702,0.6428571428571429,2.5605967160727436,8
2020-21,PHI,55.80555555555556,48.3013698630137,0.9284028009100426,6.894223406568656,3.1717658323715585,0.5349629866325825,-4.440892675095535,3.0268892624480377,0.5,3.2952673355557547,10
2020-21,PHX,58.083333333333336,38.19178082191781,0.889903162798182,5.949494863035957,3.0345432076716365,0.5838592233009708,-3.150780694842622,2.4181828625990933,0.42857142857142855,2.6765594950892613,10
2020-21,POR,47.833333333333336,38.78378378378378,0.5575233822938697,7.243616264751491,0.7670520720261883,0.5651707378653033,-3.3440537375502344,3.1440305702754627,0.5714285714285714,2.6871983592612136,10
2020-21,SAC,35.30555555555556,35.30555555555556,0.8605196896473901,6.011141596198512,3.632975661398388,0.4235070454037128,-4.419630231117575,2.727996897438655,0.5714285714285714,3.029680285465458,9
2020-21,SAS,37.583333333333336,36.95774647887324,0.7229993777553904,4.433259292144299,0.37161421222285984,0.6627949852507374,-4.172743676442822,3.123804630096152,0.6428571428571429,2.7971754564764844,8
2020-21,TOR,30.75,60.361111111111114,1.03224565157803,8.2501853757031,1.7602520461693367,0.5361664190193165,-3.3295394813449724,3.6089049301584555,0.6428571428571429,2.679142960825673,10
2020-21,UTA,59.22222222222222,50.111111111111114,1.0141017393020098,7.865108737439414,1.5198281054848732,0.9081360048573164,-3.0428669550178533,2.3000773611530065,0.5,2.7748733187281522,9
2020-21,WAS,38.72222222222222,28.47222222222222,0.6724279001765117,5.0750011140592015,2.392340016430703,0.4829822682375342,-3.902707729252097,3.117761256466088,0.6428571428571429,2.980530160003887,10
2021-22,ATL,43.0,46.69444444444444,1.093104535489445,6.6207880002659,3.4685588685561255,0.7382609204140109,-4.58794984864149,2.8367428029925734,0.5,3.0985042140994152,10
2021-22,BKN,44.0,54.666666666666664,0.9095994771963084,7.343405614712712,2.555923662830821,0.4623751256132884,-3.424774708765479,2.7078317052709377,0.7857142857142857,2.8025419898732875,10
2021-22,BOS,51.0,41.0,0.9532443479843081,8.469148235362223,3.496191202639919,0.6259547144305508,-2.854995064329452,2.550828010287143,0.7857142857142857,2.598245972689561,10
2021-22,CHA,43.0,37.583333333333336,0.6494871079592341,5.674946795022596,1.3108835716456433,0.6190207899036565,-2.2447084013890084,2.9045116779043747,0.6428571428571429,2.4875660348113846,10
2021-22,CHI,46.0,35.30555555555556,0.33530908224773026,5.806768162282934,0.2076188850003564,0.4522103698986361,-4.121746851276471,3.3415799072393857,0.6428571428571429,2.9034006745457113,10
2021-22,CLE,44.0,25.055555555555557,0.027171643365625463,4.613084715053279,-1.3318943379748749,0.5819427701287989,-3.2550412058245084,2.8409924393599564,0.7142857142857143,2.475517676333557,10
2021-22,DAL,52.0,47.833333333333336,0.8580507043560383,6.884742551238727,2.3539765007293547,0.6375410119150405,-3.7926547616201276,2.065021560189882,0.6428571428571429,2.754556316905814,10
2021-22,DEN,48.0,53.52777777777778,1.2426461009013203,11.493432286224682,-0.5544485498153576,0.6090333373162863,-3.5307074761041677,2.628206390639301,0.7142857142857143,2.843684927955313,10
2021-22,DET,23.0,22.77777777777778,0.41044588462659715,5.206859093972932,-0.08018652405563054,0.6342817487855655,-3.4864963989637827,3.491385495545896,0.7142857142857143,2.687812259469982,10
2021-22,GSW,53.0,44.416666666666664,1.0191999410591046,6.45079670403718,4.744749370703219,0.67073246238623,-3.8241007263851494,3.216913548112499,0.5,2.892235506808036,10
2021-22,HOU,20.0,19.36111111111111,0.7143272040334162,5.514556152570565,-0.1520075752778114,0.4271770820129294,-2.9710395524613333,2.691374437713056,0.5714285714285714,2.4573810754522256,8
2021-22,IND,25.0,38.72222222222222,0.5153646466866351,4.9069630494581835,0.6243931700553315,0.3775780967313955,-3.7176233374786385,2.754616491959218,0.5,2.627155861136179,7
2021-22,LAC,42.0,53.52777777777778,0.44024934148153755,3.4579025312768463,0.921464853902696,0.6576993304930006,-3.251755751339478,3.256872277472718,0.9285714285714286,2.26415374911376,10
2021-22,LAL,33.0,47.833333333333336,0.8896097182093835,8.628371628461835,1.199872473236558,0.21996897163120568,-4.979938743841744,3.2258477848358384,0.7857142857142857,3.178051055309324,10
2021-22,MEM,56.0,43.27777777777778,0.762624242025901,7.024268145225582,4.5898929022836725,0.7842392303449967,-3.414844593723447,2.7478177443770426,0.8571428571428571,2.5436223412579104,10
2021-22,MIA,53.0,45.55555555555556,0.7242152316640326,7.389238540716082,-0.8007280825245069,0.5041983657368273,-3.4141436763849398,2.572167477956132,0.7142857142857143,3.011851628177844,10
2021-22,MIL,51.0,52.388888888888886,0.6767612809716694,5.963391541110163,-0.3438718967967199,0.5179138321995465,-3.505991774796122,2.493532779015935,0.7142857142857143,2.8167177075722942,10
2021-22,MIN,46.0,26.194444444444443,0.5774541024568044,8.211765705093786,-0.11478245152960309,0.7335399368494913,-3.9308545285398275,3.1155997083377467,0.7142857142857143,2.829560427452395,10
2021-22,NOP,36.0,35.30555555555556,0.9440487113755247,8.05330908607071,3.3188801391992433,0.2806707317073171,-3.098563789211046,2.3697125603874976,0.7142857142857143,2.70757405781118,10
2021-22,NYK,37.0,46.69444444444444,0.5552654888712819,6.402356773191786,2.3804976290392923,0.7285282437318475,-2.5657883707754476,1.8605243181196305,0.5,2.721203955726118,10
2021-22,OKC,24.0,25.055555555555557,-0.7861326130796602,4.247273460408868,-5.894670429876929,0.7575004902281195,-3.520255374829203,3.2014629604086093,0.6428571428571429,2.6927445195665096,10
2021-22,ORL,22.0,23.916666666666668,-0.35774083305000365,2.2282965223641678,-4.811926798645022,0.6269631586672538,-2.932539467614894,3.056601250309217,0.5714285714285714,2.783147284571878,9
2021-22,PHI,51.0,55.80555555555556,1.1882325803641116,8.081839072448474,3.2393278168332222,0.5989637908953312,-4.177506457681762,2.8588917220283165,0.6428571428571429,3.1695142219423076,10
2021-22,PHX,64.0,58.083333333333336,0.6108953365596382,5.016904133836505,0.5428641608330592,0.722132083408449,-3.913357456958161,3.202054285083188,0.5714285714285714,3.0140271522849993,10
2021-22,POR,27.0,47.833333333333336,0.5758903797952333,4.639275489564562,-3.6827745791760256,0.31712553675170496,-4.1815983792551945,2.8460853148072953,0.7857142857142857,2.698184225038821,9
2021-22,SAC,30.0,35.30555555555556,0.5826006841246015,4.5134077556577274,1.9732028720183477,0.4479600333055787,-3.414916690121688,2.6849695927209685,0.6428571428571429,2.780463263384549,10
2021-22,SAS,34.0,37.583333333333336,-0.2940576062769231,2.244786037038301,-4.865198489181745,0.5330916817698894,-3.498231198559857,2.619358585211644,0.7142857142857143,2.425762797860301,8
2021-22,TOR,48.0,30.75,0.8127769271647891,6.66367140339342,0.9164116983236866,0.6396526772793053,-3.596557260319645,3.2331321510443276,0.6428571428571429,2.728364202266709,10
2021-22,UTA,49.0,59.22222222222222,0.8562138603912656,7.079411958605647,1.5606479841103926,0.8337216431637032,-4.343740218603695,2.5797467080972263,0.7142857142857143,2.751138323014873,10
2021-22,WAS,35.0,38.72222222222222,0.062042742850892604,5.687042634923555,-1.944841825517726,0.5214039486054528,-4.202218674577041,3.6692401445279788,0.6428571428571429,2.6317995103354828,10
2022-23,ATL,41.0,43.0,1.0239734321632379,6.131861490885394,4.504683630477649,0.6132043255549232,-3.1966948515689757,2.4229338575771413,0.7857142857142857,2.829897864828976,10
2022-23,BKN,45.0,44.0,0.26137075098442164,3.8780186070015255,1.2107419833108657,0.36660215648327343,-3.345471544333301,3.2251916140514085,0.5714285714285714,2.6317983641964386,10
2022-23,BOS,57.0,51.0,0.9483146500748901,6.163613515146945,3.8346737288359156,0.8699239605241871,-3.0072079524078164,2.702717454220137,0.6428571428571429,2.6937881737420106,10
2022-23,CHA,27.0,43.0,0.5308660222364003,3.126192608486086,-1.5823129659243178,0.5306620933374909,-2.642944180287414,2.537735967256651,0.5714285714285714,2.17772706935001,8
2022-23,CHI,40.0,46.0,0.7147707298966525,6.130499713688734,3.3827549870527642,0.7636372993001235,-4.043030179361848,2.8327125396400628,0.5714285714285714,2.9987757600616805,10
2022-23,CLE,51.0,44.0,0.2586512013046284,3.7273125379618266,-0.652910617417324,0.6907970542557988,-3.4564621496148473,2.789048155794102,0.7142857142857143,2.6887640851744354,10
2022-23,DAL,38.0,52.0,1.232531354666494,8.009537533869423,3.7782787133942852,0.542148845342797,-4.241942911883591,2.162428254345785,0.5,2.9991849592916306,10
2022-23,DEN,53.0,48.0,1.1737597289199235,10.067453595439389,1.7863363534395598,0.37665444919568314,-4.270724550706483,2.6726769652507505,0.6428571428571429,2.8356847181162763,10
2022-23,DET,17.0,23.0,-0.5428702187673465,1.0329703475745553,-4.3278047962002395,0.6050656660412758,-3.2052995312466828,3.0804162067505647,0.7857142857142857,2.4812437027690786,10
2022-23,GSW,44.0,53.0,0.5346323389139855,4.99082100220592,0.5922339438436436,0.62372124422288,-3.506209461246953,2.705365378686334,0.6428571428571429,2.8346622968025454,10
2022-23,HOU,22.0,20.0,-0.021529878556853902,3.506645590839157,-3.2465747256980455,0.5718300724246027,-3.0662534443800267,2.4534019414679933,0.42857142857142855,2.5831061528617045,6
2022-23,IND,35.0,25.0,0.17513741463608257,4.229632818689731,-0.36184542606573955,0.6673274463867364,-2.5111779100497325,2.9354333069812535,0.7142857142857143,2.2797326474992357,10
2022-23,LAC,44.0,42.0,0.2717451963782813,3.387508212420319,0.03284565931604433,0.5540922347794386,-3.867600615957081,2.928776087535617,0.6428571428571429,2.7022926225094692,10
2022-23,LAL,43.0,33.0,0.6281413354996407,8.318427992112648,-0.394550447824081,0.2555474528596729,-3.957098299877657,3.2268644486950513,0.7142857142857143,2.6708984095157584,10
2022-23,MEM,51.0,56.0,0.905672591267569,6.6146011818948285,3.308328702711467,0.7723400878260409,-4.425742184272601,3.17907453847649,0.6428571428571429,3.0329976610642726,10
2022-23,MIA,44.0,53.0,0.7161588875828877,6.658475429830499,1.5204574189742879,0.7958983843768699,-3.016963198843698,2.5794004411957756,0.6428571428571429,2.7960365054500507,10
2022-23,MIL,58.0,51.0,0.8520135129369205,6.229220163643046,0.4621137057215742,0.7281058002707487,-3.8668207789362303,2.419438230898699,0.7142857142857143,2.862439432151863,10
2022-23,MIN,42.0,46.0,0.8881311656263543,8.556069730039699,-0.0967830973941064,0.48244363482760444,-4.164331946014662,2.471800530997643,0.7857142857142857,2.8643947127990046,10
2022-23,NOP,42.0,36.0,1.1664372984863274,8.66430394755443,5.883932493221749,0.7379359120831294,-3.6047841545402335,2.7310554996405862,0.7142857142857143,2.706287924255314,10
2022-23,NYK,47.0,37.0,0.6067468077946501,7.041678436110232,2.0858115144355205,0.650485923254183,-3.90426898922934,2.475270246248609,0.7142857142857143,3.0772338903308394,10
2022-23,OKC,40.0,24.0,-0.5119917358028216,2.4753201263870364,-5.7622331919474545,0.6285806071638914,-2.881567187200018,2.2046433750992334,0.6428571428571429,2.3260128926889996,10
2022-23,ORL,34.0,22.0,-0.36065275815954123,2.701694765118022,-5.386879240025256,0.6831909452032432,-2.761526641401709,2.76981131516282,0.7857142857142857,2.2860314878177115,9
2022-23,PHI,54.0,51.0,1.0240038249323622,8.669320701063008,1.3553388443722805,0.6929435919602334,-3.9028782269728253,2.747957289985914,0.6428571428571429,3.001054374494534,10
2022-23,PHX,45.0,64.0,0.4524447255565676,5.069909605521231,-0.003392804645269143,0.5195293186987047,-4.080722263515351,3.1544161607746077,0.5714285714285714,3.2133847881356044,10
2022-23,POR,33.0,27.0,0.5814782166190502,5.2326983917628205,0.9711187368265102,0.5319094349304085,-3.4200534480459526,2.996247776683751,0.7142857142857143,2.7464931145460243,10
2022-23,SAC,48.0,30.0,-0.022919375600835644,4.034757768294996,-3.899474890791714,0.5928761812454567,-3.1835483385973817,2.7505443884146006,0.6428571428571429,2.502236271323648,9
2022-23,SAS,22.0,34.0,0.11416695966592393,3.9976819543574513,-1.963438402994255,0.49520270645000275,-2.850333491958971,3.3117510905267267,0.6428571428571429,2.221002774030577,10
2022-23,TOR,41.0,48.0,0.8140653525921894,6.6314633912219705,3.2262260081433167,0.7919004035035921,-3.2504522866589407,2.6985029641122953,0.5714285714285714,2.6124748663270143,10
2022-23,UTA,37.0,49.0,0.3340615044435754,4.160308102014473,-0.9416214586917354,0.15444784530923578,-2.873750250946494,3.130645811516991,0.6428571428571429,2.2662421224203055,8
2022-23,WAS,35.0,35.0,0.42635771242593995,6.55130803775641,2.3011118617420996,0.6032011600022308,-4.170806497673502,3.199010456575892,0.7857142857142857,2.6982980643500554,10
2023-24,ATL,36.0,41.0,0.706035111294829,5.486152499300414,2.0586764976647247,0.7732511263931705,-4.058505801523488,2.3046910602920603,0.6428571428571429,2.7990423672801383,10
2023-24,BKN,32.0,45.0,0.15285309603219666,3.8292748693746432,-2.1092194376810935,0.4439769288956127,-3.357550150628428,2.5409879823311194,0.8571428571428571,2.3995903079286456,10
2023-24,BOS,64.0,57.0,1.2058091423627864,6.616302115501522,6.009228619401458,0.5679275175759976,-3.166059936144666,3.079321894183933,0.7857142857142857,2.762639724596598,10
2023-24,CHA,21.0,27.0,-0.2995411946967733,3.7171203699071693,-4.830425152145465,0.30591926627647376,-3.1799815443417394,2.6024643672882073,0.7857142857142857,2.402098449618989,10
2023-24,CHI,39.0,40.0,0.16144420001389026,5.091670103519791,-0.8499531205344774,0.8401883673162667,-3.5414738668577046,2.9306726143428583,0.7142857142857143,2.5411078066498995,10
2023-24,CLE,48.0,51.0,0.35538419633319507,3.8804181604963452,0.3875275903149229,0.7960508372879507,-3.124613238856998,2.8789724081114936,0.7857142857142857,2.3935789536297345,10
2023-24,DAL,50.0,38.0,1.3068953393172575,7.626465151547514,5.435847273408667,0.659047619047619,-3.9341666783098703,2.4381660745246267,0.5714285714285714,2.9955267304060786,10
2023-24,DEN,57.0,53.0,1.2161593697126198,9.249548417277992,-0.48891059223089095,0.7063370163008472,-4.175877003555133,2.4840888184456427,0.7142857142857143,2.9675152925931116,9
2023-24,DET,14.0,17.0,-0.6160407179855238,0.8854693841192183,-6.595092790781008,0.5292206003855687,-3.6551839579061522,2.8433663319268616,0.5714285714285714,2.698532300834921,10
2023-24,GSW,46.0,44.0,0.8050329091045877,6.188056038984788,0.08771555419396526,0.6238705610422358,-4.465919526154459,2.8031169166676637,0.6428571428571429,2.9530118837606767,9
2023-24,HOU,41.0,22.0,0.012485229952203056,5.288658792062235,-2.5525382125610956,0.5261587078651685,-3.7331685200090523,3.1136824112148984,0.7142857142857143,2.816185489483043,10
2023-24,IND,47.0,35.0,0.4230021953559539,5.175516379095581,0.6957455674341786,0.6265508684863523,-3.819032529685276,2.9573019883903853,0.6428571428571429,2.8065063309700475,10
2023-24,LAC,51.0,44.0,1.1195634193412785,7.286913472624091,3.9870064379006895,0.655340024303524,-3.276457300929218,2.7612535940916074,0.6428571428571429,2.819538517065364,10
2023-24,LAL,47.0,43.0,1.0254684276306545,7.988797439144514,1.8171549544250714,0.543365881677197,-3.1473995279194384,3.1736781528545124,0.8571428571428571,2.8476917292217405,10
2023-24,MEM,27.0,51.0,0.7813670891313561,5.285564797814404,2.180802921686594,0.4371537919226508,-3.2645331271579363,3.3084244524405397,0.6428571428571429,2.287839668144283,10
2023-24,MIA,46.0,44.0,0.7577185693508383,8.001341650631595,0.9626901655689715,0.5876662010450618,-3.1819394066155025,3.2334729898441523,0.7142857142857143,2.6700049573808493,10
2023-24,MIL,49.0,58.0,0.9072975025265382,7.180900807755524,0.6231345136632122,0.5128492245674934,-4.142222892052621,2.636627330741331,0.5714285714285714,3.252046532634804,10
2023-24,MIN,56.0,42.0,0.9119013346559587,7.690163132980963,3.866438290932112,0.8141882820471511,-3.5752085772993385,2.3858006062372836,0.7857142857142857,2.5632591038904065,10
2023-24,NOP,49.0,42.0,0.7959808188373276,6.817904224455982,2.5578786185774023,0.8676717771099679,-3.9814356873517904,3.184565475468716,0.8571428571428571,2.786578964502492,10
2023-24,NYK,50.0,47.0,0.6568581698653013,5.817554415988225,1.5317626854777169,0.5184063821607074,-3.5074689240785872,2.496333517676665,0.7857142857142857,2.6845075142561923,10
2023-24,OKC,57.0,40.0,0.26062694245474427,3.227749991971231,0.24497142643317255,0.7544140395796661,-3.40664173588808,2.4766448606134217,0.6428571428571429,2.649784505804136,10
2023-24,ORL,47.0,34.0,-0.20279419666692772,2.103073585919452,-2.5028706276904242,0.8096415327564895,-3.1073349972862196,3.0427951658733403,0.5714285714285714,2.6773640372037737,10
2023-24,PHI,47.0,54.0,0.727601610779637,5.944692999737456,1.329655580511014,0.43131734783030773,-3.5721160166979815,2.410493235906907,0.6428571428571429,2.6370808270717054,10
2023-24,PHX,49.0,45.0,0.4439094054579054,5.17396564642406,1.4514650971686405,0.2502060581083866,-2.927314531367481,2.7104319954463385,0.7142857142857143,2.844274755204193,10
2023-24,POR,21.0,33.0,-0.09094698147108599,2.470239686149501,-3.2966924547460086,0.4358583936048725,-3.5729448887111883,2.5401257024702284,0.5,2.54961102156361,7
2023-24,SAC,46.0,48.0,0.43668014287793283,5.109464969322105,-3.582252004214368,0.916671205272044,-3.952419949051028,2.7018977059030473,0.6428571428571429,2.574715533900784,9
2023-24,SAS,22.0,22.0,-0.3207245315028769,3.252436634670547,-3.777247404143315,0.6407276402223345,-3.5329365558848838,4.1667840329747845,0.7142857142857143,2.5680695283757764,10
2023-24,TOR,25.0,41.0,0.3780371318701726,5.899164957543551,-0.28588323590107256,0.39480631690107043,-3.231075761192766,2.8806410348328035,0.7142857142857143,2.415398528705373,10
2023-24,UTA,31.0,37.0,0.9842449460920022,6.578550143161147,-0.48795175158569015,0.6033557046979866,-4.0852205703730515,2.216155804297392,0.5,2.8443450193092463,7
2023-24,WAS,15.0,35.0,-0.4906512439974586,2.9521698665776137,-6.374875474606388,0.4052130106231519,-3.9816417414577914,3.63772027920539,0.6428571428571429,2.395386860281327,9
2024-25,ATL,40.0,36.0,0.7274046023834906,5.309816624443358,3.278943273367929,0.42492665549036046,-3.803328915261777,2.431824481536893,0.7142857142857143,2.7301816432071164,10
2024-25,BKN,26.0,32.0,0.19682536689410685,5.9275724399561565,-2.4645881631952844,0.5659221711811606,-3.3494172254532786,2.579409450492289,0.7857142857142857,2.588251964277339,10
2024-25,BOS,61.0,64.0,1.0295774507534265,6.469488010075587,3.9161981683762166,0.8746523639253079,-2.4609823072738766,2.8311756935359207,0.5,2.6208141044917292,9
2024-25,CHA,19.0,21.0,0.16419342652699814,7.064755420245921,-1.2179883821163182,0.542071288240247,-3.1358835597197885,2.957742189307946,0.6428571428571429,2.4619700121549526,10
2024-25,CHI,39.0,39.0,0.06586277351110532,4.266654073301256,-2.1152792107612215,0.4706038275990033,-2.8556368763200037,3.347295499800507,0.7142857142857143,2.5170253222865444,10
2024-25,CLE,64.0,48.0,0.6236814480574144,5.1531476079377425,2.832613330725236,0.7412797992471769,-3.2412222608181596,2.6201309692902486,0.8571428571428571,2.608623938514228,10
2024-25,DAL,39.0,50.0,0.7612506544377451,7.649063959972867,-0.5721513809843057,0.4353585397653194,-3.4221235152841767,2.5708023074986133,0.7857142857142857,2.779923727039984,10
2024-25,DEN,50.0,57.0,1.3826497062437728,10.037017406355835,0.05903040703177276,0.7298202701265554,-4.226962618695019,2.977582237345083,0.6428571428571429,3.034372530686025,10
2024-25,DET,44.0,14.0,-0.13473591384366304,3.4678126886032534,-3.10611625936079,0.5535188723085661,-3.1983157742792803,2.4621947220225655,0.7857142857142857,2.4439395269860285,10
2024-25,GSW,48.0,46.0,1.216373817522399,10.243893637898294,3.485987207054836,0.6369866652499602,-2.845486704446538,2.3343710939830555,0.7142857142857143,2.522221439111875,10
2024-25,HOU,52.0,41.0,0.10124451435801547,6.172798538445267,-3.124228017110241,0.8478995901639345,-3.389467446161761,3.283552438214769,0.7142857142857143,2.5992388818062393,10
2024-25,IND,50.0,47.0,0.7352322151968519,5.873590220498768,2.521731672256265,0.854795689747146,-3.5667779442106347,2.7747109596002613,0.6428571428571429,2.8800051771783814,10
2024-25,LAC,50.0,51.0,1.101545178845704,6.685561244500487,4.065108461572398,0.538201885983712,-3.9941837731024203,3.210227205822014,0.7142857142857143,2.648307555110712,10
2024-25,LAL,50.0,47.0,0.9652077244883591,6.92381855464147,1.540938358138089,0.4456717550014222,-4.04349728106533,2.4322009491074885,0.6428571428571429,3.1359940587973743,10
2024-25,MEM,48.0,27.0,0.9654845091749815,6.4961713665057745,3.1527888404406146,0.6740977323538806,-3.57538174697372,2.553066496674862,0.5,2.664273829613003,9
2024-25,MIA,37.0,46.0,0.03136972523577261,2.281660796965878,-1.454532522691197,0.5748454029743957,-3.0945500441545364,3.2405174424730214,0.7857142857142857,2.532403199542208,10
2024-25,MIL,48.0,49.0,0.48545628929576784,5.75036914694186,-0.02345985704177933,0.58959566320187,-4.0670437672993245,2.595863783448971,0.5714285714285714,2.8597390470645623,10
2024-25,MIN,49.0,56.0,0.7093646252365833,6.114280067481957,-0.8305359149544209,0.7339618552232337,-4.079875806074784,2.5272971345729616,0.6428571428571429,2.6835330168896148,8
2024-25,NOP,21.0,49.0,0.8978781769054571,6.000512838252077,3.7965670763916477,0.6875983717774763,-3.3350919202440314,2.965910587120836,0.7857142857142857,2.5895522336261125,10
2024-25,NYK,51.0,50.0,0.7755536268283759,5.611325914922764,2.2526495633469144,0.489755292289765,-3.577969394229297,2.5801096324557777,0.9285714285714286,2.4174582997010448,10
2024-25,OKC,68.0,57.0,1.0401044946121039,6.04267308819005,3.6297682048790207,0.7278036809815951,-3.7512969494256807,2.79339143107023,0.5714285714285714,2.5242768270864375,10
2024-25,ORL,41.0,47.0,0.042831036269857375,3.9761614409814436,-1.4639364282414986,0.7820835688955132,-2.854790060695003,2.611329557958009,0.7857142857142857,2.5128608215451185,10
2024-25,PHI,24.0,47.0,0.7016703581214602,7.508657846560161,1.904313027407794,0.38136855695699673,-3.9453658596104195,2.5935839034049204,0.7142857142857143,2.828176773528939,10
2024-25,PHX,36.0,49.0,0.5362080734251552,3.955679740804607,1.5849396218483736,0.5702923046331279,-3.06168576611696,3.13160413349392,0.6428571428571429,2.7448753001703032,10
2024-25,POR,36.0,21.0,-0.4269326651388234,1.8949867243190504,-3.323663803672993,0.7658110322228291,-3.11052788637359,2.9519289163403912,0.42857142857142855,2.7954791234486533,10
2024-25,SAC,40.0,46.0,1.0805917014133541,7.298659968422919,0.9899042611321417,0.5039149296370754,-3.23694647949703,2.8225063393312424,0.7857142857142857,2.7478575408782113,9
2024-25,SAS,34.0,22.0,0.22769109793007775,6.215019691693653,-3.1174926971735903,0.6833087793965188,-3.897579091308553,3.0413142317966337,0.7857142857142857,2.708257127094207,10
2024-25,TOR,30.0,25.0,-0.014798359338769898,5.088100289796538,-4.206177405704347,0.5988080128028255,-3.764766118414154,2.708940226705499,0.5714285714285714,2.3251139684597497,7
2024-25,UTA,17.0,31.0,0.32985151643989014,5.957817601603997,-4.266815643017473,0.7402340003836072,-3.232977474031373,2.248008278325177,0.7857142857142857,2.6292699223918774,9
2024-25,WAS,18.0,15.0,-0.4296990590569806,2.5439576766881173,-3.0510624577981877,0.3914240524866733,-3.0034082806804254,2.6298230113011347,0.5,2.144977455622113,7
2025-26,ATL,46.0,40.0,0.04960008541173152,3.008939011026579,-1.915618481582268,0.3907571486105518,-2.7364504722416796,2.9758214195772847,0.6428571428571429,2.1989429044886726,10
2025-26,BKN,20.0,26.0,0.05155960136543708,4.615280518025943,-2.870455334714204,0.39256548944744935,-2.7576250154041313,3.0182349459446507,0.5714285714285714,2.4277882509061066,8
2025-26,BOS,56.0,61.0,0.6933519597124695,2.9392876859730825,1.169843993319024,0.6699353448275862,-2.9674655131193837,2.8286654780057425,0.5,2.766831325874288,8
2025-26,CHA,44.0,19.0,-0.1795974158316628,2.600273033419835,-3.8062207504338175,0.5343857634902411,-4.040149505720204,2.7188339371826586,0.7142857142857143,2.5013031253132127,8
2025-26,CHI,31.0,39.0,0.019086284325859706,4.2270134248583116,-1.2236999495160372,0.36337941312503214,-3.2819444369008455,2.881919368350409,0.7142857142857143,2.3714952082067415,10
2025-26,CLE,52.0,64.0,1.2919349312928678,5.483899660096679,7.688158417073029,0.4835505896958411,-3.880021496049579,2.5520514470845717,0.5714285714285714,2.899676846102734,10
2025-26,DAL,26.0,39.0,0.08093299193148853,6.449597228468183,-3.376244963102571,0.5709390319356528,-3.7760731657395987,2.7564231415096496,0.7142857142857143,2.636675004292377,10
2025-26,DEN,54.0,50.0,1.2836967359990028,10.995978207615567,1.1918751379732706,0.6328507447140923,-4.089334877127569,2.9681183414195367,0.6428571428571429,2.8932570335370658,10
2025-26,DET,60.0,44.0,0.11689754538304747,4.158499241222754,-1.4089415745462195,0.5573238566131026,-4.198646540989871,2.5890557312152613,0.5714285714285714,2.7395092815986,10
2025-26,GSW,37.0,48.0,1.5730979482916567,9.649379207001829,6.758094455468284,0.6961040503622759,-3.3498633090007566,3.219786908642988,0.6428571428571429,2.3454686860334983,10
2025-26,HOU,52.0,52.0,1.1153352556111773,6.662891201204112,3.359197943223391,0.5120914028076647,-4.555359615926789,2.938440906744379,0.6428571428571429,3.1712076719983453,10
2025-26,IND,19.0,50.0,0.5338490035422778,5.011929438645195,0.4035330615037739,0.5854586369481355,-3.941659312357775,2.7331182401029883,0.6428571428571429,2.8788106431552687,10
2025-26,LAC,42.0,50.0,0.507125453234416,4.841125226660716,3.4323379599610826,0.420500105507491,-3.4219659660285324,3.1092203988171567,0.6428571428571429,2.4846561111768395,10
2025-26,LAL,53.0,50.0,0.7065702592656461,5.827875349302734,1.4646634906163265,0.6555451676989599,-3.3669591470229867,2.80594402060199,0.6428571428571429,2.6885104199109193,10
2025-26,MEM,25.0,48.0,-0.09670683753332994,2.862053328565403,-4.998326496531513,0.32139624349400314,-3.748421154862919,2.1287871620096133,0.5,2.402315717049467,7
2025-26,MIA,43.0,37.0,0.020871117642809113,2.1879033725877663,-0.5401663287567714,0.6625952752923354,-3.2396325892694477,3.453544728275958,0.5714285714285714,2.5161935538406865,10
2025-26,MIL,32.0,48.0,0.08036793346142707,4.7716470579554775,-3.1534020156300206,0.6709763051813981,-3.8624762267146497,2.3475750601132743,0.5714285714285714,3.002157283129945,10
2025-26,MIN,49.0,49.0,0.577621992635983,5.494644987161726,1.3644793777306532,0.8342744513104624,-3.5126608272720325,2.657056022696285,0.6428571428571429,2.491395048501574,10
2025-26,NOP,26.0,21.0,0.12546585115567846,5.527317615801335,-2.4211888442558784,0.39124479797713746,-4.907822993620966,2.6842825712707143,0.6428571428571429,3.0225300343783057,8
2025-26,NYK,53.0,51.0,0.6477975205323641,4.707146894270237,1.1120171959791456,0.8452902811932,-3.8497946095871143,3.344173856786864,0.7857142857142857,2.653827395639554,10
2025-26,OKC,64.0,68.0,1.0602221291984746,7.261043421048428,3.419069177911134,0.8776556776556776,-3.5300476393203386,2.553294511063436,0.5714285714285714,2.561760710811248,10
2025-26,ORL,45.0,41.0,0.27044188563425176,5.69858183679654,-1.0268592929013958,0.6644016227180527,-2.90011491367186,2.693243257021225,0.9285714285714286,2.459250986815626,10
2025-26,PHI,45.0,24.0,0.22071919719268868,2.722332889441258,0.09225514951897651,0.5639834024896265,-3.0269251288359653,2.6329412955649993,0.8571428571428571,2.2680636707635458,10
2025-26,PHX,45.0,36.0,-0.17901089878066687,4.746475464100097,-2.8474233328372742,0.4156313204276221,-2.9758091902455024,2.900196348082107,0.6428571428571429,2.3371902830332005,10
2025-26,POR,42.0,36.0,0.04468787315780497,3.777353000379725,-3.0049428697982785,0.6669487939060517,-3.8372827182765996,3.510387305041022,0.7142857142857143,2.558982540535924,9
2025-26,SAC,22.0,40.0,0.18834403003641997,4.212788027625222,-2.8973607166413995,0.6688848341740904,-3.879887604965716,3.592231517379565,0.5,2.9387189710281643,9
2025-26,SAS,62.0,34.0,0.6893937372582968,7.051939168334585,-0.302974776479011,0.6994318467494595,-4.390246569698563,3.129866682328671,0.7142857142857143,2.4605362873181607,8
2025-26,TOR,46.0,30.0,0.3203061944139594,5.47926817789816,0.34249782566982934,0.6792474541165641,-3.401350587580122,3.1117278763238514,0.7857142857142857,2.6005082081649626,10
2025-26,UTA,22.0,17.0,-0.056471705695013044,6.060369819527358,-2.3063578080561378,0.5434342357706246,-3.7734235235919047,3.659432709630734,0.7142857142857143,2.74409638079452,10
2025-26,WAS,17.0,18.0,-1.0737419437792015,1.9090973613647948,-6.757214670286819,0.5723974031996291,-3.603964175853104,3.5526053919606726,0.5714285714285714,2.3770058993733576,7
